id_cliente,id_transaccion,fecha,tipo_producto,monto,moneda,tasa_interes,plazo_dias,canal,estado,sucursal,monto_original,monto_cop,activo,ciudad,fecha_alta,nombre,numero_documento,productos,segmento,tipo_documento,email,telefono
1019,500321,2024-08-20,CDT,20235.16,USD,8.4 %,90,Web,Pendiente,Bogotá,"20,235.16",8.094064E7,false,Bogotá,2021-03-12,Jorge  Mendoza,572.265.678,"Cuenta Corriente, Cuenta Ahorros",Personal,NIT,jorge.mendoza@outlook.com,3155751377
1050,500396,2024-08-22,CDT,7.6033808E7,COP,"0,083",365 dias,Cajero,Pendiente,Cartagena,76.033.808,7.6033808E7,false,Bogotá,2023-06-08,Inversiones El Roble SAS,843.374.700-0,"",,NIT,inversiones.el.roble.sas@hotmail.com,6087257455
1006,500303,2024-09-22,CDT,3.1075165E7,COP,12.35,365 dias,Oficina,Pendiente,Cartagena,$31.075.165,3.1075165E7,false,Bogotá,2022-07-10,SANTIAGO VARGAS,147468722,"CDT, Cuenta Corriente, Cuenta Ahorros",Personal,CC,santiago.vargas@outlook.com,6077327764
1003,500102,2024-06-18,CDT,5.8964224E7,COP,11.8 %,90,App,Pendiente,Barranquilla,$58.964.224,5.8964224E7,true,Barranquilla,2020-07-01,Ana Maria Rojas,533496827,"Cuenta Ahorros, Cuenta Corriente",Personal,CC,ana.maria.rojas@empresa.com.co,3290597940
1023,500027,2024-09-14,CDT,6.1991584E7,COP,11.61,N/A,Web,Rechazada,Medellín,$61.991.584,6.1991584E7,false,Cúcuta,2023-11-11,Gabriela Nino,200.660.305,"CDT, Credito, Cuenta Corriente",Personal,NIT,gabriela.nino@outlook.com,6035151432
1041,500292,2024-05-16,Certificado de Deposito,-3.11983975E7,COP,"13,8%",365 dias,Oficina,Aprobada,Bogotá,"-31.198.397,50",-3.11983975E7,true,Bogotá,2021-04-18,Textiles del Caribe S.A.,880.804.498-2,"Cuenta Corriente, CDT",Empresarial,NIT,textiles.del.caribe.s.a.@outlook.com,573293912594
1003,500126,2025-12-21,Certificado de Deposito,4.6304145E7,COP,9.1 %,360,App,Pendiente,Barranquilla,46.304.145 COP,4.6304145E7,true,Barranquilla,2020-07-01,Ana Maria Rojas,533496827,"Cuenta Ahorros, Cuenta Corriente",Personal,CC,ana.maria.rojas@empresa.com.co,3290597940
1018,500114,2024-12-08,Crédito,2.6641248E7,COP,13.9 %,180,Cajero,Aprobada,Bogotá,26.641.248,2.6641248E7,true,Barranquilla,2019-06-16,Valentina Ruiz,889034069,"Cuenta Corriente, CDT, Cuenta Ahorros",Premium,CC,valentina.ruiz@outlook.com,573148717954
1015,500241,2023-10-02,Cta Corriente,7043062.0,COP,N/A,0,Oficina,Rechazada,Barranquilla,$7.043.062,7043062.0,false,Bogotá,2019-07-23,Daniela Suarez,81551884,Cuenta Ahorros,Personal,CC,,
1017,500388,2024-04-21,Crédito,9.408554E7,COP,N/A,365 dias,Web,Aprobada,Cartagena,"94.085.540,00",9.408554E7,false,Bogotá,2021-09-24,carlos gomez,372.704.373,"",,NIT,carlos.gomez@empresa.com.co,573168641959
1034,500402,2024-05-18,Crédito,1.040854619E8,COP,8.2 %,180,Web,Pendiente,Barranquilla,"104.085.461,90",1.040854619E8,true,Barranquilla,2023-05-10,María José Álvarez,446.377.174,Cuenta Corriente,,CC,maria.jose.alvarez@gmail.com,573185319380
1013,500310,2025-09-17,CDT,4.8504595E7,COP,8.62,180,Cajero,Rechazada,Bogotá,48.504.595,4.8504595E7,false,Pereira,2019-10-04,Camila Ortiz,107.445.646,"CDT, Cuenta Corriente, Credito",Premium,CC,,
1050,500150,2024-06-18,Certificado de Deposito,2.6629119E7,COP,12.8 %,N/A,Cajero,Rechazada,Medellín,"26.629.119,00",2.6629119E7,false,Bogotá,2023-06-08,Inversiones El Roble SAS,843.374.700-0,"",,NIT,inversiones.el.roble.sas@hotmail.com,6087257455
1025,500053,2024-07-23,CDT,3.610017E7,COP,11.96,90,Oficina,Rechazada,Bogotá,36.100.170,3.610017E7,false,Bogotá,2022-04-02,Felipe  Cardenas,620.931.459,Cuenta Ahorros,Premium,NIT,,
1029,500409,2024-05-01,Certificado de Deposito,5.9872735E7,COP,N/A,90,App,Pendiente,Bogotá,$59.872.735,5.9872735E7,true,Cali,2021-03-22,Camila Ortiz,992161337,Credito,Premium,NIT,camila.ortiz@gmail.com,3197030144
1030,500218,2024-05-10,Cuenta Corriente,9004221.0,COP,0,-,App,Pendiente,Cali,9.004.221,9004221.0,false,Bogotá,2022-12-11,Sofia Ramirez,530802345,Credito,Premium,NIT,sofia.ramirez@outlook.com,3238952955
1006,500401,2024-04-10,Certificado de Deposito,8864973.5,COP,13.40,180,Cajero,Aprobada,Barranquilla,"8.864.973,50",8864973.5,false,Bogotá,2022-07-10,SANTIAGO VARGAS,147468722,"CDT, Cuenta Corriente, Cuenta Ahorros",Personal,CC,santiago.vargas@outlook.com,6077327764
1023,500383,2024-09-18,Cuenta Ahorros,1271047.0,COP,N/A,0,Cajero,Rechazada,Medellín,$1.271.047,1271047.0,false,Cúcuta,2023-11-11,Gabriela Nino,200.660.305,"CDT, Credito, Cuenta Corriente",Personal,NIT,gabriela.nino@outlook.com,6035151432
1045,500030,2024-12-23,CDT,6.2221217E7,COP,"0,136",90,Cajero,Pendiente,Bogotá,62.221.217,6.2221217E7,false,Cali,2019-01-23,TecnoSoluciones SAS,895.649.166-7,"Credito, Cuenta Ahorros",Empresarial,NIT,tecnosoluciones.sas@hotmail.com,
1009,500097,2024-01-10,CDT,5.7507492E7,COP,10.0 %,180,App,Pendiente,Bogotá,$57.507.492,5.7507492E7,false,Barranquilla,2021-08-18,Gabriela Nino,,"Cuenta Ahorros, CDT, Cuenta Corriente",Personal,,gabriela.nino@outlook.com,
1015,500073,2024-11-09,CDT,14233.99,USD,13.14,365 dias,Web,Aprobada,Cali,"14,233.99",5.693596E7,false,Bogotá,2019-07-23,Daniela Suarez,81551884,Cuenta Ahorros,Personal,CC,,
1012,500157,2024-05-24,CDT,7.4769684E7,COP,11.63,365 dias,Cajero,Pendiente,Bucaramanga,$74.769.684,7.4769684E7,true,Cúcuta,2022-09-05,Sofia Ramirez,835.079.380,"Cuenta Corriente, CDT",Premium,NIT,sofia.ramirez@empresa.com.co,573244932334
1044,500210,2024-08-02,Certificado de Deposito,6.66301719E7,COP,"13,3%",365 dias,Cajero,Pendiente,Medellín,"66.630.171,90",6.66301719E7,true,Cali,2019-11-26,Alimentos La Cosecha,806.768.972-4,"Cuenta Corriente, CDT, Credito",Empresarial,NIT,,
1008,500299,2024-11-24,CDT,2443801.0,COP,"11,0%",N/A,Oficina,Aprobada,Medellín,$2.443.801,2443801.0,true,Bogotá,2022-08-07,LUCIA FERNANDEZ,450758146,"Credito, Cuenta Ahorros",Premium,CC,,3269076238
1029,500129,2024-09-11,Cuenta Corriente,8559.32,USD,N/A,0,Oficina,Pendiente,Bogotá,"8,559.32",3.423728E7,true,Cali,2021-03-22,Camila Ortiz,992161337,Credito,Premium,NIT,camila.ortiz@gmail.com,3197030144
1037,500002,2024-06-25,Cuenta de Ahorros,1.160415E7,COP,0,-,Cajero,Aprobada,Cali,11.604.150,1.160415E7,true,Cúcuta,2019-02-12,Gabriela Nino,907.258.312,"",Personal,CC,,573247898621
1031,500357,2024-10-25,Crédito,2.31916635E7,COP,"0,126",365 dias,Web,Pendiente,Barranquilla,"23.191.663,50",2.31916635E7,false,Cali,2019-06-16,Laura   Gonzalez,678341010,CDT,Personal,CC,,573139507237
1009,500108,2024-12-28,CDT,6.3694483E7,COP,"0,111",180,Cajero,Aprobada,Cali,$63.694.483,6.3694483E7,false,Barranquilla,2021-08-18,Gabriela Nino,,"Cuenta Ahorros, CDT, Cuenta Corriente",Personal,,gabriela.nino@outlook.com,
1013,500378,2024-12-09,CDT,4.9096276E7,COP,N/A,365 dias,App,Aprobada,Cali,49.096.276,4.9096276E7,false,Pereira,2019-10-04,Camila Ortiz,107.445.646,"CDT, Cuenta Corriente, Credito",Premium,CC,,
1011,500212,2024-03-18,CDT,2284877.5,COP,9.4 %,365 dias,Web,Aprobada,Barranquilla,"2.284.877,50",2284877.5,false,Cali,2022-11-27,SANTIAGO VARGAS,339147326,Cuenta Corriente,Premium,NIT,,6025607689
1042,500220,2024-04-15,CDT,,COP,"8,6%",365 dias,Web,Pendiente,Medellín,-,,false,Bucaramanga,2019-03-13,TecnoSoluciones SAS,839.022.478-5,"Cuenta Ahorros, Credito",PYME,NIT,tecnosoluciones.sas@outlook.com,6027136034
1017,500279,2024-07-05,Crédito,6.358279E7,COP,"8,0%",180,Oficina,Rechazada,Medellín,63.582.790,6.358279E7,false,Bogotá,2021-09-24,carlos gomez,372.704.373,"",,NIT,carlos.gomez@empresa.com.co,573168641959
1049,500257,2024-08-18,Cuenta Corriente,,COP,N/A,-,Web,Aprobada,Barranquilla,N/A,,true,Cali,2019-06-25,TecnoSoluciones SAS,804.895.887-9,CDT,Empresarial,NIT,,
1034,500145,2024-10-01,Cuenta Corriente,5605.59,USD,N/A,-,Oficina,Pendiente,Cali,"5,605.59",2.242236E7,true,Barranquilla,2023-05-10,María José Álvarez,446.377.174,Cuenta Corriente,,CC,maria.jose.alvarez@gmail.com,573185319380
1031,500043,2024-07-14,CDT,6926.23,USD,"12,0%",180,App,Aprobada,Bogotá,"6,926.23",2.770492E7,false,Cali,2019-06-16,Laura   Gonzalez,678341010,CDT,Personal,CC,,573139507237
1004,500351,2024-02-07,Certificado de Deposito,3.51015099E7,COP,"8,8%",180,App,Pendiente,Cali,"35.101.509,90",3.51015099E7,true,Medellín,2022-01-07,Isabella Diaz,342601915,Cuenta Ahorros,Premium,CC,isabella.diaz@empresa.com.co,3138849654
1048,500156,2023-12-14,Cuenta Ahorros,,COP,N/A,0,Oficina,Aprobada,Cartagena,sin dato,,false,Bogotá,2019-08-28,TecnoSoluciones SAS,835.108.164-6,"CDT, Cuenta Ahorros",Empresarial,NIT,tecnosoluciones.sas@gmail.com,573255204815
1030,500135,2024-12-05,CDT,6.327551925E7,COP,12.8 %,365 dias,App,Aprobada,Bogotá,"63.275.519,25",6.327551925E7,false,Bogotá,2022-12-11,Sofia Ramirez,530802345,Credito,Premium,NIT,sofia.ramirez@outlook.com,3238952955
1012,500091,2023-02-05,Cuenta Ahorros,21231.6,USD,0,0,App,Pendiente,Barranquilla,"21,231.60",8.49264E7,true,Cúcuta,2022-09-05,Sofia Ramirez,835.079.380,"Cuenta Corriente, CDT",Premium,NIT,sofia.ramirez@empresa.com.co,573244932334
1045,500287,2024-04-08,CDT,2.8899191E7,COP,11.8 %,360,Cajero,Pendiente,Cartagena,$28.899.191,2.8899191E7,false,Cali,2019-01-23,TecnoSoluciones SAS,895.649.166-7,"Credito, Cuenta Ahorros",Empresarial,NIT,tecnosoluciones.sas@hotmail.com,
1019,500104,2024-12-16,Ahorros,9840405.0,COP,N/A,0,App,Aprobada,Cali,9.840.405 COP,9840405.0,false,Bogotá,2021-03-12,Jorge  Mendoza,572.265.678,"Cuenta Corriente, Cuenta Ahorros",Personal,NIT,jorge.mendoza@outlook.com,3155751377
1036,500350,2024-12-03,Cuenta Corriente,-8278349.0,COP,0,0,App,Pendiente,Bogotá,-8.278.349,-8278349.0,true,Cali,2022-12-12,Felipe  Cardenas,382543348,"CDT, Credito, Cuenta Ahorros",Premium,NIT,felipe.cardenas@hotmail.com,6062906603
7777,500237,2024-08-04,CDT,4.1106424E7,COP,9.76,360,Cajero,Aprobada,Medellín,41.106.424,4.1106424E7,,,,,,"",,,,
1034,500419,2024-01-23,CDT,2.1091805E7,COP,"0,085",365 dias,Cajero,Aprobada,Barranquilla,$21.091.805,2.1091805E7,true,Barranquilla,2023-05-10,María José Álvarez,446.377.174,Cuenta Corriente,,CC,maria.jose.alvarez@gmail.com,573185319380
1001,500323,2024-06-03,Cuenta de Ahorros,6053563.0,COP,N/A,-,Cajero,Pendiente,Medellín,$6.053.563,6053563.0,false,Cali,2023-10-22,María José Álvarez,183324205,"Credito, CDT, Cuenta Ahorros",Premium,CC,maria.jose.alvarez@hotmail.com,3255808277
1004,500227,2024-07-22,Credito,4.48106155E7,COP,10.06,90,Cajero,Pendiente,Barranquilla,"44.810.615,50",4.48106155E7,true,Medellín,2022-01-07,Isabella Diaz,342601915,Cuenta Ahorros,Premium,CC,isabella.diaz@empresa.com.co,3138849654
1007,500095,2024-02-04,Cuenta de Ahorros,-1.2217511E7,COP,N/A,0,App,Pendiente,Cali,-12.217.511,-1.2217511E7,false,Manizales,2021-07-11,SANTIAGO VARGAS,521686778,"",Premium,NIT,santiago.vargas@hotmail.com,
1020,500403,2024-06-11,Certificado de Deposito,4.8252396E7,COP,12.8 %,360,Oficina,Rechazada,Medellín,48.252.396,4.8252396E7,false,Pereira,2021-12-14,Ana Maria Rojas,876.641.426,CDT,Premium,NIT,ana.maria.rojas@empresa.com.co,3107217439
1049,500164,2025-09-01,Certificado de Deposito,4.7889353E7,COP,"0,093",90,Cajero,Rechazada,Bogotá,$47.889.353,4.7889353E7,true,Cali,2019-06-25,TecnoSoluciones SAS,804.895.887-9,CDT,Empresarial,NIT,,
1018,500298,2023-03-20,CDT,6.0339601E7,COP,"0,134",90,Web,Aprobada,Bucaramanga,$60.339.601,6.0339601E7,true,Barranquilla,2019-06-16,Valentina Ruiz,889034069,"Cuenta Corriente, CDT, Cuenta Ahorros",Premium,CC,valentina.ruiz@outlook.com,573148717954
1019,500124,2024-07-24,CDT,3.4275581E7,COP,"0,118",90,Oficina,Pendiente,Barranquilla,$34.275.581,3.4275581E7,false,Bogotá,2021-03-12,Jorge  Mendoza,572.265.678,"Cuenta Corriente, Cuenta Ahorros",Personal,NIT,jorge.mendoza@outlook.com,3155751377
1050,500209,2024-10-21,Cuenta de Ahorros,6268602.0,COP,0,-,Web,Aprobada,Medellín,6.268.602,6268602.0,false,Bogotá,2023-06-08,Inversiones El Roble SAS,843.374.700-0,"",,NIT,inversiones.el.roble.sas@hotmail.com,6087257455
1025,500242,2024-12-26,Crédito,7.737424E7,COP,13.7 %,90,Oficina,Aprobada,Cartagena,$77.374.240,7.737424E7,false,Bogotá,2022-04-02,Felipe  Cardenas,620.931.459,Cuenta Ahorros,Premium,NIT,,
1033,500315,2024-10-26,Cuenta Corriente,4978963.0,COP,N/A,0,Web,Pendiente,Cali,4.978.963,4978963.0,true,Bucaramanga,2021-08-06,Ana Maria Rojas,726.938.389,"Cuenta Corriente, Credito, Cuenta Ahorros",Premium,CC,,3107225042
1018,500358,2024-03-27,Certificado de Deposito,1.4817229E7,COP,10.1 %,180,Cajero,Pendiente,Barranquilla,$14.817.229,1.4817229E7,true,Barranquilla,2019-06-16,Valentina Ruiz,889034069,"Cuenta Corriente, CDT, Cuenta Ahorros",Premium,CC,valentina.ruiz@outlook.com,573148717954
1002,500044,2024-05-13,CDT,3.1529059E7,COP,N/A,N/A,Oficina,Pendiente,Bogotá,31.529.059,3.1529059E7,true,Bogotá,2021-02-02,Daniela Suarez,670.318.744,"Cuenta Ahorros, CDT",Personal,CC,,573286791978
1007,500214,2024-02-13,CDT,1.5410701E7,COP,"0,119",365 dias,App,Pendiente,Bogotá,$15.410.701,1.5410701E7,false,Manizales,2021-07-11,SANTIAGO VARGAS,521686778,"",Premium,NIT,santiago.vargas@hotmail.com,
1049,500066,2024-08-06,CDT,4.8057065E7,COP,12.68,365 dias,Web,Pendiente,Cali,48.057.065,4.8057065E7,true,Cali,2019-06-25,TecnoSoluciones SAS,804.895.887-9,CDT,Empresarial,NIT,,
1002,500193,2024-01-08,Cta Corriente,24549.17,USD,N/A,-,Cajero,Pendiente,Cali,"24,549.17",9.819668E7,true,Bogotá,2021-02-02,Daniela Suarez,670.318.744,"Cuenta Ahorros, CDT",Personal,CC,,573286791978
1005,500294,2024-02-27,Cuenta de Ahorros,24615.26,USD,N/A,0,App,Pendiente,Cali,"24,615.26",9.846104E7,false,Barranquilla,2022-08-09,Jorge  Mendoza,151504661,"Credito, Cuenta Ahorros",Premium,NIT,,3187164926
1002,500082,2024-08-28,Cuenta de Ahorros,1.430890425E7,COP,0,0,App,Pendiente,Bucaramanga,"14.308.904,25",1.430890425E7,true,Bogotá,2021-02-02,Daniela Suarez,670.318.744,"Cuenta Ahorros, CDT",Personal,CC,,573286791978
1008,500235,2024-03-23,Credito,2.4316548E7,COP,"13,3%",90,Cajero,Aprobada,Cali,$24.316.548,2.4316548E7,true,Bogotá,2022-08-07,LUCIA FERNANDEZ,450758146,"Credito, Cuenta Ahorros",Premium,CC,,3269076238
1001,500393,2024-09-25,Credito,4841651.0,COP,"10,0%",90,App,Pendiente,Bogotá,$4.841.651,4841651.0,false,Cali,2023-10-22,María José Álvarez,183324205,"Credito, CDT, Cuenta Ahorros",Premium,CC,maria.jose.alvarez@hotmail.com,3255808277
1035,500342,2024-07-20,Crédito,1.1632702725E8,COP,"13,7%",360,App,Pendiente,Barranquilla,"116.327.027,25",1.1632702725E8,true,Medellín,2021-12-28,Juan  Perez,103903237,Credito,Premium,CC,juan.perez@gmail.com,
1015,500368,2024-07-28,Credito,8.6379257E7,COP,"9,5%",90,Oficina,Pendiente,Bogotá,$86.379.257,8.6379257E7,false,Bogotá,2019-07-23,Daniela Suarez,81551884,Cuenta Ahorros,Personal,CC,,
1014,500022,2024-11-25,Cuenta de Ahorros,1.1354955E7,COP,0,-,App,Aprobada,Cartagena,$11.354.955,1.1354955E7,true,Cali,2019-01-11,SANTIAGO VARGAS,291311700,"Credito, CDT, Cuenta Ahorros",Personal,NIT,,
1015,500189,2024-10-04,Cuenta Ahorros,1.0949578E7,COP,N/A,-,Cajero,Aprobada,Medellín,10.949.578,1.0949578E7,false,Bogotá,2019-07-23,Daniela Suarez,81551884,Cuenta Ahorros,Personal,CC,,
9999,500288,2024-02-11,CDT,2.3691963E7,COP,10.09,90,Oficina,Pendiente,Barranquilla,$23.691.963,2.3691963E7,,,,,,"",,,,
1026,500265,2025-02-22,CDT,,COP,"8,7%",180,Cajero,Pendiente,Bogotá,NULL,,false,Cúcuta,2019-07-13,Gabriela Nino,309617176,CDT,Premium,CC,gabriela.nino@empresa.com.co,6022113244
1009,500283,2024-04-10,CDT,6.7707308E7,COP,"13,1%",365 dias,Web,Aprobada,Medellín,67.707.308,6.7707308E7,false,Barranquilla,2021-08-18,Gabriela Nino,,"Cuenta Ahorros, CDT, Cuenta Corriente",Personal,,gabriela.nino@outlook.com,
1038,500417,2024-12-05,Cuenta Corriente,2386490.0,COP,N/A,0,App,Rechazada,Bogotá,"2.386.490,00",2386490.0,true,Cali,2019-08-24,diego torres,1054729284,"Credito, Cuenta Ahorros",Premium,NIT,diego.torres@empresa.com.co,573183697021
1043,500400,2024-01-25,Cuenta Corriente,6846799.0,COP,0,-,Cajero,Aprobada,Bogotá,6.846.799,6846799.0,true,Medellín,2019-12-28,Logistica Express SA,864.182.544-0,"Cuenta Ahorros, Credito, Cuenta Corriente",Empresarial,NIT,logistica.express.sa@empresa.com.co,573128424100
1032,500047,2024-07-14,Crédito,7.6135224E7,COP,"8,1%",180,App,Aprobada,Barranquilla,$76.135.224,7.6135224E7,true,Bogotá,2023-06-01,Sofia Ramirez,134869286,"",Personal,CC,,
1001,500138,2024-05-01,CDT,7996143.0,COP,"12,0%",N/A,App,Pendiente,Medellín,$7.996.143,7996143.0,false,Cali,2023-10-22,María José Álvarez,183324205,"Credito, CDT, Cuenta Ahorros",Premium,CC,maria.jose.alvarez@hotmail.com,3255808277
1038,500412,2024-06-13,Ahorros,2388293.0,COP,N/A,0,Oficina,Aprobada,Cali,"2.388.293,00",2388293.0,true,Cali,2019-08-24,diego torres,1054729284,"Credito, Cuenta Ahorros",Premium,NIT,diego.torres@empresa.com.co,573183697021
1006,500064,2024-11-14,Cuenta de Ahorros,,COP,N/A,-,App,Pendiente,Cali,NULL,,false,Bogotá,2022-07-10,SANTIAGO VARGAS,147468722,"CDT, Cuenta Corriente, Cuenta Ahorros",Personal,CC,santiago.vargas@outlook.com,6077327764
1028,500320,2024-07-15,Cuenta de Ahorros,1.3067055E7,COP,N/A,-,Web,Aprobada,Cartagena,13.067.055,1.3067055E7,true,Pereira,2019-03-27,Juan  Perez,631851520,Credito,Premium,NIT,juan.perez@outlook.com,3106763370
1002,500013,2024-04-11,Certificado de Deposito,7.29673049E7,COP,N/A,N/A,Web,Pendiente,Cartagena,"72.967.304,90",7.29673049E7,true,Bogotá,2021-02-02,Daniela Suarez,670.318.744,"Cuenta Ahorros, CDT",Personal,CC,,573286791978
1019,500008,2024-10-25,Crédito,24703.21,USD,"0,089",180,Oficina,Aprobada,Medellín,"24,703.21",9.881284E7,false,Bogotá,2021-03-12,Jorge  Mendoza,572.265.678,"Cuenta Corriente, Cuenta Ahorros",Personal,NIT,jorge.mendoza@outlook.com,3155751377
1031,500339,2024-07-11,CDT,6.2101291E7,COP,8.14,365 dias,Cajero,Aprobada,Barranquilla,62.101.291,6.2101291E7,false,Cali,2019-06-16,Laura   Gonzalez,678341010,CDT,Personal,CC,,573139507237
1050,500370,2024-11-18,CDT,6149329.5,COP,9.5 %,365 dias,Oficina,Aprobada,Medellín,"6.149.329,50",6149329.5,false,Bogotá,2023-06-08,Inversiones El Roble SAS,843.374.700-0,"",,NIT,inversiones.el.roble.sas@hotmail.com,6087257455
1029,500185,2024-06-15,CDT,,COP,"14,0%",180,Oficina,Rechazada,Barranquilla,sin dato,,true,Cali,2021-03-22,Camila Ortiz,992161337,Credito,Premium,NIT,camila.ortiz@gmail.com,3197030144
1050,500149,2024-05-02,Crédito,8.7798609E7,COP,N/A,365 dias,App,Aprobada,Cali,$87.798.609,8.7798609E7,false,Bogotá,2023-06-08,Inversiones El Roble SAS,843.374.700-0,"",,NIT,inversiones.el.roble.sas@hotmail.com,6087257455
1014,500246,2024-11-12,CDT,3.979449E7,COP,11.06,90,Web,Aprobada,Medellín,39.794.490,3.979449E7,true,Cali,2019-01-11,SANTIAGO VARGAS,291311700,"Credito, CDT, Cuenta Ahorros",Personal,NIT,,
1015,500392,2024-11-14,Crédito,1.8577287E7,COP,8.2 %,365 dias,Cajero,Rechazada,Bogotá,$18.577.287,1.8577287E7,false,Bogotá,2019-07-23,Daniela Suarez,81551884,Cuenta Ahorros,Personal,CC,,
1045,500251,2024-10-16,CDT,6.1542966E7,COP,"8,9%",90,Oficina,Aprobada,Bucaramanga,61.542.966,6.1542966E7,false,Cali,2019-01-23,TecnoSoluciones SAS,895.649.166-7,"Credito, Cuenta Ahorros",Empresarial,NIT,tecnosoluciones.sas@hotmail.com,
1046,500228,2024-01-11,Cuenta Corriente,6594579.0,COP,N/A,-,Oficina,Rechazada,Bucaramanga,6.594.579,6594579.0,true,Cartagena,2020-01-12,Agroexportadora Valle,895.639.767-7,"CDT, Credito, Cuenta Corriente",PYME,NIT,,3100851835
1031,500175,2024-03-13,Credito,1.15304301E8,COP,"9,8%",N/A,Cajero,Rechazada,Medellín,115.304.301,1.15304301E8,false,Cali,2019-06-16,Laura   Gonzalez,678341010,CDT,Personal,CC,,573139507237
7777,500317,2024-02-06,CDT,3834293.0,COP,"10,6%",360,Oficina,Aprobada,Cartagena,"3.834.293,00",3834293.0,,,,,,"",,,,
1035,500230,2024-03-16,CDT,6.4395081E7,COP,"13,7%",N/A,App,Rechazada,Cali,64.395.081,6.4395081E7,true,Medellín,2021-12-28,Juan  Perez,103903237,Credito,Premium,CC,juan.perez@gmail.com,
1043,500332,2024-12-27,CDT,4.34702739E7,COP,9.91,360,Cajero,Rechazada,Cali,"43.470.273,90",4.34702739E7,true,Medellín,2019-12-28,Logistica Express SA,864.182.544-0,"Cuenta Ahorros, Credito, Cuenta Corriente",Empresarial,NIT,logistica.express.sa@empresa.com.co,573128424100
1001,500007,2024-02-18,Cuenta Corriente,23973.97,USD,0,-,Web,Rechazada,Bogotá,"23,973.97",9.589588E7,false,Cali,2023-10-22,María José Álvarez,183324205,"Credito, CDT, Cuenta Ahorros",Premium,CC,maria.jose.alvarez@hotmail.com,3255808277
1045,500413,2024-02-23,Cuenta de Ahorros,3304.54,USD,N/A,0,Cajero,Pendiente,Medellín,"3,304.54",1.321816E7,false,Cali,2019-01-23,TecnoSoluciones SAS,895.649.166-7,"Credito, Cuenta Ahorros",Empresarial,NIT,tecnosoluciones.sas@hotmail.com,
1009,500107,2025-10-05,CDT,5.7230282E7,COP,"0,100",180,Web,Pendiente,Bogotá,$57.230.282,5.7230282E7,false,Barranquilla,2021-08-18,Gabriela Nino,,"Cuenta Ahorros, CDT, Cuenta Corriente",Personal,,gabriela.nino@outlook.com,
1013,500331,2024-07-05,Crédito,6.7675881E7,COP,"8,6%",180,App,Pendiente,Bogotá,"67.675.881,00",6.7675881E7,false,Pereira,2019-10-04,Camila Ortiz,107.445.646,"CDT, Cuenta Corriente, Credito",Premium,CC,,
1005,500130,2024-02-01,Cuenta Corriente,1.36234465E7,COP,N/A,0,Cajero,Pendiente,Bogotá,"13.623.446,50",1.36234465E7,false,Barranquilla,2022-08-09,Jorge  Mendoza,151504661,"Credito, Cuenta Ahorros",Premium,NIT,,3187164926
1044,500085,2024-11-03,Crédito,1.06544669E8,COP,"11,2%",90,Cajero,Pendiente,Medellín,$106.544.669,1.06544669E8,true,Cali,2019-11-26,Alimentos La Cosecha,806.768.972-4,"Cuenta Corriente, CDT, Credito",Empresarial,NIT,,
1027,500375,2024-07-28,Cuenta de Ahorros,2839929.0,COP,0,0,Oficina,Rechazada,Bogotá,2.839.929,2839929.0,true,Barranquilla,2019-12-24,Isabella Diaz,1044350751,"CDT, Cuenta Ahorros, Credito",Personal,CC,isabella.diaz@empresa.com.co,573136487687
1017,500423,2023-12-27,Cuenta de Ahorros,210428.0,COP,N/A,0,Oficina,Pendiente,Barranquilla,"210.428,00",210428.0,false,Bogotá,2021-09-24,carlos gomez,372.704.373,"",,NIT,carlos.gomez@empresa.com.co,573168641959
1017,500172,2024-09-06,Crédito,4.00572099E7,COP,12.02,365 dias,Cajero,Pendiente,Cartagena,"40.057.209,90",4.00572099E7,false,Bogotá,2021-09-24,carlos gomez,372.704.373,"",,NIT,carlos.gomez@empresa.com.co,573168641959
1043,500115,2024-05-28,CDT,7.5892796E7,COP,"9,8%",90,Oficina,Pendiente,Bogotá,75.892.796 COP,7.5892796E7,true,Medellín,2019-12-28,Logistica Express SA,864.182.544-0,"Cuenta Ahorros, Credito, Cuenta Corriente",Empresarial,NIT,logistica.express.sa@empresa.com.co,573128424100
1022,500322,2024-11-26,Cuenta Ahorros,3503862.0,COP,N/A,0,App,Pendiente,Cartagena,$3.503.862,3503862.0,true,Medellín,2022-08-18,LUCIA FERNANDEZ,446.669.194,"Credito, Cuenta Corriente",,CC,lucia.fernandez@outlook.com,
1015,500170,2024-12-01,Certificado de Deposito,-4.1797166E7,COP,"10,8%",365 dias,App,Pendiente,Barranquilla,-41.797.166,-4.1797166E7,false,Bogotá,2019-07-23,Daniela Suarez,81551884,Cuenta Ahorros,Personal,CC,,
1004,500219,2024-03-04,Crédito,7.0182528E7,COP,13.3 %,180,Web,Pendiente,Medellín,$70.182.528,7.0182528E7,true,Medellín,2022-01-07,Isabella Diaz,342601915,Cuenta Ahorros,Premium,CC,isabella.diaz@empresa.com.co,3138849654
8888,500247,2024-11-15,CDT,4.4646856E7,COP,"13,9%",365 dias,Web,Pendiente,Cali,$44.646.856,4.4646856E7,,,,,,"",,,,
1008,500270,2024-10-12,CDT,2.1914655E7,COP,"10,0%",365 dias,App,Aprobada,Medellín,$21.914.655,2.1914655E7,true,Bogotá,2022-08-07,LUCIA FERNANDEZ,450758146,"Credito, Cuenta Ahorros",Premium,CC,,3269076238
1044,500081,2024-09-04,Ahorros,7241.11,USD,N/A,-,App,Aprobada,Bogotá,"7,241.11",2.896444E7,true,Cali,2019-11-26,Alimentos La Cosecha,806.768.972-4,"Cuenta Corriente, CDT, Credito",Empresarial,NIT,,
1002,500161,2024-06-16,Certificado de Deposito,7.5510777E7,COP,N/A,90,Web,Aprobada,Medellín,75.510.777,7.5510777E7,true,Bogotá,2021-02-02,Daniela Suarez,670.318.744,"Cuenta Ahorros, CDT",Personal,CC,,573286791978
1048,500136,2024-10-03,Cuenta de Ahorros,1.3576111E7,COP,N/A,-,Oficina,Rechazada,Cali,13.576.111,1.3576111E7,false,Bogotá,2019-08-28,TecnoSoluciones SAS,835.108.164-6,"CDT, Cuenta Ahorros",Empresarial,NIT,tecnosoluciones.sas@gmail.com,573255204815
1016,500349,2025-08-21,Crédito,8070241.0,COP,"0,103",365 dias,Web,Aprobada,Cali,8.070.241,8070241.0,false,Bogotá,2021-07-22,Nicolas  Romero,907703101,"Credito, Cuenta Ahorros, CDT",Premium,CC,,
1021,500096,2024-11-09,CDT,3.3852741E7,COP,12.82,N/A,Web,Rechazada,Medellín,$33.852.741,3.3852741E7,true,Pereira,2023-03-19,Daniela Suarez,,"Cuenta Ahorros, Credito, Cuenta Corriente",Premium,,daniela.suarez@empresa.com.co,
1043,500035,2025-07-05,CDT,5.412651E7,COP,"0,087",N/A,App,Aprobada,Barranquilla,54.126.510,5.412651E7,true,Medellín,2019-12-28,Logistica Express SA,864.182.544-0,"Cuenta Ahorros, Credito, Cuenta Corriente",Empresarial,NIT,logistica.express.sa@empresa.com.co,573128424100
1033,500203,2024-12-19,Crédito,4.76076565E7,COP,10.53,90,App,Pendiente,Cali,"47.607.656,50",4.76076565E7,true,Bucaramanga,2021-08-06,Ana Maria Rojas,726.938.389,"Cuenta Corriente, Credito, Cuenta Ahorros",Premium,CC,,3107225042
1046,500226,2024-12-20,Crédito,5.737947E7,COP,N/A,360,Oficina,Rechazada,Barranquilla,$57.379.470,5.737947E7,true,Cartagena,2020-01-12,Agroexportadora Valle,895.639.767-7,"CDT, Credito, Cuenta Corriente",PYME,NIT,,3100851835
1030,500162,2024-12-26,Crédito,6.191778E7,COP,"8,2%",N/A,Web,Rechazada,Medellín,61.917.780,6.191778E7,false,Bogotá,2022-12-11,Sofia Ramirez,530802345,Credito,Premium,NIT,sofia.ramirez@outlook.com,3238952955
1048,500422,2024-05-12,CDT,4.4490033E7,COP,"0,088",180,App,Aprobada,Cartagena,$44.490.033,4.4490033E7,false,Bogotá,2019-08-28,TecnoSoluciones SAS,835.108.164-6,"CDT, Cuenta Ahorros",Empresarial,NIT,tecnosoluciones.sas@gmail.com,573255204815
1050,500139,2024-06-01,Certificado de Deposito,1.3053654E7,COP,13.81,360,Web,Aprobada,Cartagena,$13.053.654,1.3053654E7,false,Bogotá,2023-06-08,Inversiones El Roble SAS,843.374.700-0,"",,NIT,inversiones.el.roble.sas@hotmail.com,6087257455
1028,500263,2024-11-18,CDT,3.5512763E7,COP,"0,127",N/A,App,Pendiente,Bogotá,35.512.763,3.5512763E7,true,Pereira,2019-03-27,Juan  Perez,631851520,Credito,Premium,NIT,juan.perez@outlook.com,3106763370
1023,500275,2024-07-11,Crédito,8.24315155E7,COP,"13,9%",365 dias,Cajero,Aprobada,Medellín,"82.431.515,50",8.24315155E7,false,Cúcuta,2023-11-11,Gabriela Nino,200.660.305,"CDT, Credito, Cuenta Corriente",Personal,NIT,gabriela.nino@outlook.com,6035151432
1007,500059,2024-06-06,Crédito,1.2260527E7,COP,"10,3%",180,App,Pendiente,Cali,12.260.527,1.2260527E7,false,Manizales,2021-07-11,SANTIAGO VARGAS,521686778,"",Premium,NIT,santiago.vargas@hotmail.com,
1007,500056,2024-05-07,Certificado de Deposito,5357374.25,COP,"11,4%",180,Web,Pendiente,Bogotá,"5.357.374,25",5357374.25,false,Manizales,2021-07-11,SANTIAGO VARGAS,521686778,"",Premium,NIT,santiago.vargas@hotmail.com,
1050,500016,2024-02-04,Certificado de Deposito,4.25578645E7,COP,"9,4%",90,Cajero,Pendiente,Medellín,"42.557.864,50",4.25578645E7,false,Bogotá,2023-06-08,Inversiones El Roble SAS,843.374.700-0,"",,NIT,inversiones.el.roble.sas@hotmail.com,6087257455
1049,500337,2024-04-28,CDT,5.8802311E7,COP,"0,085",360,Cajero,Pendiente,Cali,58.802.311,5.8802311E7,true,Cali,2019-06-25,TecnoSoluciones SAS,804.895.887-9,CDT,Empresarial,NIT,,
1017,500340,2023-12-27,Cuenta de Ahorros,210428.0,COP,N/A,0,Oficina,Pendiente,Barranquilla,"210.428,00",210428.0,false,Bogotá,2021-09-24,carlos gomez,372.704.373,"",,NIT,carlos.gomez@empresa.com.co,573168641959
1007,500055,2024-01-07,Crédito,7.9114993E7,COP,"0,090",180,Oficina,Pendiente,Bogotá,$79.114.993,7.9114993E7,false,Manizales,2021-07-11,SANTIAGO VARGAS,521686778,"",Premium,NIT,santiago.vargas@hotmail.com,
1007,500117,2024-10-23,Ahorros,1.2659882E7,COP,0,0,Cajero,Pendiente,Bogotá,12.659.882 COP,1.2659882E7,false,Manizales,2021-07-11,SANTIAGO VARGAS,521686778,"",Premium,NIT,santiago.vargas@hotmail.com,
1035,500181,2024-06-14,CDT,7.6163487E7,COP,9.24,360,Oficina,Rechazada,Medellín,"76.163.487,00",7.6163487E7,true,Medellín,2021-12-28,Juan  Perez,103903237,Credito,Premium,CC,juan.perez@gmail.com,
1034,500147,2024-10-12,Crédito,8.36391349E7,COP,"0,084",180,App,Aprobada,Cali,"83.639.134,90",8.36391349E7,true,Barranquilla,2023-05-10,María José Álvarez,446.377.174,Cuenta Corriente,,CC,maria.jose.alvarez@gmail.com,573185319380
1011,500394,2024-06-17,Cuenta de Ahorros,1.4484168E7,COP,N/A,-,Oficina,Rechazada,Bogotá,$14.484.168,1.4484168E7,false,Cali,2022-11-27,SANTIAGO VARGAS,339147326,Cuenta Corriente,Premium,NIT,,6025607689
1039,500054,2024-08-16,CDT,3.4248242E7,COP,11.49,N/A,App,Rechazada,Barranquilla,34.248.242,3.4248242E7,false,Bogotá,2021-02-01,carlos gomez,,Cuenta Corriente,Personal,,,
1046,500127,2024-11-27,Cuenta de Ahorros,7993963.0,COP,0,0,Oficina,Pendiente,Barranquilla,7.993.963 COP,7993963.0,true,Cartagena,2020-01-12,Agroexportadora Valle,895.639.767-7,"CDT, Credito, Cuenta Corriente",PYME,NIT,,3100851835
1011,500305,2024-04-02,Certificado de Deposito,5.64792559E7,COP,11.3 %,N/A,Cajero,Aprobada,Cali,"56.479.255,90",5.64792559E7,false,Cali,2022-11-27,SANTIAGO VARGAS,339147326,Cuenta Corriente,Premium,NIT,,6025607689
1019,500229,2024-01-01,CDT,2414336.0,COP,13.0 %,360,App,Aprobada,Bogotá,2.414.336,2414336.0,false,Bogotá,2021-03-12,Jorge  Mendoza,572.265.678,"Cuenta Corriente, Cuenta Ahorros",Personal,NIT,jorge.mendoza@outlook.com,3155751377
1044,500306,2024-05-04,Crédito,8.8284618E7,COP,"13,1%",365 dias,Web,Rechazada,Cartagena,$88.284.618,8.8284618E7,true,Cali,2019-11-26,Alimentos La Cosecha,806.768.972-4,"Cuenta Corriente, CDT, Credito",Empresarial,NIT,,
1050,500182,2024-08-21,Cuenta de Ahorros,6709024.0,COP,0,0,Cajero,Pendiente,Medellín,$6.709.024,6709024.0,false,Bogotá,2023-06-08,Inversiones El Roble SAS,843.374.700-0,"",,NIT,inversiones.el.roble.sas@hotmail.com,6087257455
1042,500098,2024-02-09,Cuenta de Ahorros,8017598.0,COP,0,0,Cajero,Aprobada,Bogotá,$8.017.598,8017598.0,false,Bucaramanga,2019-03-13,TecnoSoluciones SAS,839.022.478-5,"Cuenta Ahorros, Credito",PYME,NIT,tecnosoluciones.sas@outlook.com,6027136034
1037,500063,2024-10-15,CDT,6.7331919E7,COP,13.1 %,N/A,Web,Rechazada,Cartagena,$67.331.919,6.7331919E7,true,Cúcuta,2019-02-12,Gabriela Nino,907.258.312,"",Personal,CC,,573247898621
1022,500330,2024-09-08,Credito,2.7691384E7,COP,"11,6%",360,Web,Rechazada,Bucaramanga,$27.691.384,2.7691384E7,true,Medellín,2022-08-18,LUCIA FERNANDEZ,446.669.194,"Credito, Cuenta Corriente",,CC,lucia.fernandez@outlook.com,
1028,500088,2024-07-11,CDT,7.5401823E7,COP,13.4 %,365 dias,Cajero,Pendiente,Medellín,75.401.823,7.5401823E7,true,Pereira,2019-03-27,Juan  Perez,631851520,Credito,Premium,NIT,juan.perez@outlook.com,3106763370
1009,500234,2024-12-07,CDT,7118262.0,COP,"10,7%",360,Cajero,Pendiente,Barranquilla,7.118.262,7118262.0,false,Barranquilla,2021-08-18,Gabriela Nino,,"Cuenta Ahorros, CDT, Cuenta Corriente",Personal,,gabriela.nino@outlook.com,
1044,500169,2024-11-25,Cuenta Ahorros,6711031.0,COP,N/A,-,Oficina,Rechazada,Bogotá,$6.711.031,6711031.0,true,Cali,2019-11-26,Alimentos La Cosecha,806.768.972-4,"Cuenta Corriente, CDT, Credito",Empresarial,NIT,,
1014,500017,2024-06-03,Crédito,6456.51,USD,13.4 %,180,Cajero,Pendiente,Barranquilla,"6,456.51",2.582604E7,true,Cali,2019-01-11,SANTIAGO VARGAS,291311700,"Credito, CDT, Cuenta Ahorros",Personal,NIT,,
1025,500324,2024-10-04,CDT,7.8281592E7,COP,11.30,180,App,Pendiente,Bogotá,78.281.592,7.8281592E7,false,Bogotá,2022-04-02,Felipe  Cardenas,620.931.459,Cuenta Ahorros,Premium,NIT,,
1029,500384,2024-11-17,Cuenta de Ahorros,3639304.0,COP,N/A,-,Cajero,Rechazada,Medellín,$3.639.304,3639304.0,true,Cali,2021-03-22,Camila Ortiz,992161337,Credito,Premium,NIT,camila.ortiz@gmail.com,3197030144
1019,500369,2024-06-26,CDT,7136176.0,COP,"9,1%",360,Web,Pendiente,Barranquilla,$7.136.176,7136176.0,false,Bogotá,2021-03-12,Jorge  Mendoza,572.265.678,"Cuenta Corriente, Cuenta Ahorros",Personal,NIT,jorge.mendoza@outlook.com,3155751377
1048,500188,2024-10-10,Cuenta Corriente,1.146311E7,COP,N/A,0,Oficina,Aprobada,Cali,$11.463.110,1.146311E7,false,Bogotá,2019-08-28,TecnoSoluciones SAS,835.108.164-6,"CDT, Cuenta Ahorros",Empresarial,NIT,tecnosoluciones.sas@gmail.com,573255204815
1030,500050,2024-12-26,CDT,7.291952E7,COP,"13,8%",180,Web,Aprobada,Bogotá,72.919.520 COP,7.291952E7,false,Bogotá,2022-12-11,Sofia Ramirez,530802345,Credito,Premium,NIT,sofia.ramirez@outlook.com,3238952955
1032,500074,2024-05-12,Cuenta Corriente,9107114.9,COP,0,-,App,Pendiente,Medellín,"9.107.114,90",9107114.9,true,Bogotá,2023-06-01,Sofia Ramirez,134869286,"",Personal,CC,,
1023,500051,2024-11-21,Crédito,2.4286585E7,COP,"0,132",N/A,Web,Aprobada,Medellín,24.286.585 COP,2.4286585E7,false,Cúcuta,2023-11-11,Gabriela Nino,200.660.305,"CDT, Credito, Cuenta Corriente",Personal,NIT,gabriela.nino@outlook.com,6035151432
1042,500109,2024-02-27,CDT,,COP,"0,089",360,App,Pendiente,Barranquilla,N/A,,false,Bucaramanga,2019-03-13,TecnoSoluciones SAS,839.022.478-5,"Cuenta Ahorros, Credito",PYME,NIT,tecnosoluciones.sas@outlook.com,6027136034
1045,500239,2024-07-03,Credito,22513.97,USD,9.27,90,Oficina,Rechazada,Bogotá,"22,513.97",9.005588E7,false,Cali,2019-01-23,TecnoSoluciones SAS,895.649.166-7,"Credito, Cuenta Ahorros",Empresarial,NIT,tecnosoluciones.sas@hotmail.com,
1012,500165,2024-09-18,Cuenta Ahorros,7496907.0,COP,0,0,Web,Aprobada,Bogotá,7.496.907 COP,7496907.0,true,Cúcuta,2022-09-05,Sofia Ramirez,835.079.380,"Cuenta Corriente, CDT",Premium,NIT,sofia.ramirez@empresa.com.co,573244932334
1044,500118,2024-11-21,Crédito,675.5,USD,"0,082",360,Cajero,Aprobada,Barranquilla,675.50,2702000.0,true,Cali,2019-11-26,Alimentos La Cosecha,806.768.972-4,"Cuenta Corriente, CDT, Credito",Empresarial,NIT,,
1028,500034,2024-10-06,CDT,7984.52,USD,9.25,N/A,Cajero,Aprobada,Bogotá,"7,984.52",3.193808E7,true,Pereira,2019-03-27,Juan  Perez,631851520,Credito,Premium,NIT,juan.perez@outlook.com,3106763370
1038,500269,2024-09-07,Cuenta de Ahorros,8260314.0,COP,N/A,-,Cajero,Rechazada,Cali,$8.260.314,8260314.0,true,Cali,2019-08-24,diego torres,1054729284,"Credito, Cuenta Ahorros",Premium,NIT,diego.torres@empresa.com.co,573183697021
1023,500277,2024-04-14,Cuenta de Ahorros,1.23518459E7,COP,0,0,Cajero,Aprobada,Cali,"12.351.845,90",1.23518459E7,false,Cúcuta,2023-11-11,Gabriela Nino,200.660.305,"CDT, Credito, Cuenta Corriente",Personal,NIT,gabriela.nino@outlook.com,6035151432
1049,500248,2024-10-24,Crédito,4.5815428E7,COP,"12,7%",N/A,Cajero,Pendiente,Medellín,"45.815.428,00",4.5815428E7,true,Cali,2019-06-25,TecnoSoluciones SAS,804.895.887-9,CDT,Empresarial,NIT,,
1045,500020,2024-02-16,Cuenta de Ahorros,-3877402.0,COP,0,0,Cajero,Aprobada,Cali,-3.877.402,-3877402.0,false,Cali,2019-01-23,TecnoSoluciones SAS,895.649.166-7,"Credito, Cuenta Ahorros",Empresarial,NIT,tecnosoluciones.sas@hotmail.com,
1014,500223,2023-07-16,Cuenta de Ahorros,-1.080506025E7,COP,N/A,0,Oficina,Aprobada,Medellín,"-10.805.060,25",-1.080506025E7,true,Cali,2019-01-11,SANTIAGO VARGAS,291311700,"Credito, CDT, Cuenta Ahorros",Personal,NIT,,
1003,500233,2024-06-19,CDT,9307015.9,COP,"0,107",360,Cajero,Aprobada,Bucaramanga,"9.307.015,90",9307015.9,true,Barranquilla,2020-07-01,Ana Maria Rojas,533496827,"Cuenta Ahorros, Cuenta Corriente",Personal,CC,ana.maria.rojas@empresa.com.co,3290597940
7777,500398,2024-05-05,CDT,6302.81,USD,"0,099",365 dias,Cajero,Pendiente,Bogotá,"6,302.81",2.521124E7,,,,,,"",,,,
1024,500068,2024-11-14,Certificado de Deposito,5.1132338E7,COP,10.3 %,180,Cajero,Rechazada,Cali,51.132.338,5.1132338E7,false,Medellín,2021-12-23,Isabella Diaz,,"Cuenta Ahorros, Cuenta Corriente, CDT",Personal,,isabella.diaz@outlook.com,3275015557
1013,500202,2024-11-21,Cuenta Ahorros,1.3587245E7,COP,N/A,0,Web,Aprobada,Barranquilla,13.587.245,1.3587245E7,false,Pereira,2019-10-04,Camila Ortiz,107.445.646,"CDT, Cuenta Corriente, Credito",Premium,CC,,
1049,500271,2024-08-04,Cuenta Ahorros,13063.4,USD,N/A,0,App,Pendiente,Medellín,"13,063.40",5.22536E7,true,Cali,2019-06-25,TecnoSoluciones SAS,804.895.887-9,CDT,Empresarial,NIT,,
8888,500039,2025-07-06,Ahorros,10389.84,USD,0,-,Cajero,Aprobada,Bucaramanga,"10,389.84",4.155936E7,,,,,,"",,,,
1038,500207,2024-07-16,Ahorros,5296.36,USD,N/A,-,Cajero,Aprobada,Cali,"5,296.36",2.118544E7,true,Cali,2019-08-24,diego torres,1054729284,"Credito, Cuenta Ahorros",Premium,NIT,diego.torres@empresa.com.co,573183697021
1006,500080,2024-02-02,Credito,13641.46,USD,11.5 %,90,Oficina,Pendiente,Bogotá,"13,641.46",5.456584E7,false,Bogotá,2022-07-10,SANTIAGO VARGAS,147468722,"CDT, Cuenta Corriente, Cuenta Ahorros",Personal,CC,santiago.vargas@outlook.com,6077327764
1035,500408,2024-07-14,Crédito,8.256206E7,COP,"0,123",360,App,Pendiente,Bogotá,82.562.060,8.256206E7,true,Medellín,2021-12-28,Juan  Perez,103903237,Credito,Premium,CC,juan.perez@gmail.com,
1015,500295,2024-04-18,CDT,-6.7357534E7,COP,12.31,N/A,App,Rechazada,Bogotá,-67.357.534,-6.7357534E7,false,Bogotá,2019-07-23,Daniela Suarez,81551884,Cuenta Ahorros,Personal,CC,,
1034,500377,2024-09-23,CDT,4.7128152E7,COP,9.27,180,Cajero,Pendiente,Bogotá,47.128.152 COP,4.7128152E7,true,Barranquilla,2023-05-10,María José Álvarez,446.377.174,Cuenta Corriente,,CC,maria.jose.alvarez@gmail.com,573185319380
1022,500036,2023-09-17,CDT,3.5281348E7,COP,"0,098",180,Web,Pendiente,Bogotá,35.281.348,3.5281348E7,true,Medellín,2022-08-18,LUCIA FERNANDEZ,446.669.194,"Credito, Cuenta Corriente",,CC,lucia.fernandez@outlook.com,
1010,500225,2024-04-11,Crédito,4.1579389E7,COP,"10,6%",180,Oficina,Pendiente,Medellín,$41.579.389,4.1579389E7,true,Medellín,2023-12-02,Gabriela Nino,370668724,"Cuenta Ahorros, Cuenta Corriente, CDT",Personal,CC,,573289895588
1014,500001,2024-08-27,Crédito,1.09345238E8,COP,13.4 %,360,App,Pendiente,Cali,109.345.238,1.09345238E8,true,Cali,2019-01-11,SANTIAGO VARGAS,291311700,"Credito, CDT, Cuenta Ahorros",Personal,NIT,,
1035,500268,2024-09-20,Crédito,9.8426847E7,COP,"0,106",360,Web,Aprobada,Medellín,$98.426.847,9.8426847E7,true,Medellín,2021-12-28,Juan  Perez,103903237,Credito,Premium,CC,juan.perez@gmail.com,
1025,500301,2024-04-15,CDT,16193.57,USD,"0,123",N/A,App,Aprobada,Bogotá,"16,193.57",6.477428E7,false,Bogotá,2022-04-02,Felipe  Cardenas,620.931.459,Cuenta Ahorros,Premium,NIT,,
1048,500338,2024-05-12,CDT,4.4490033E7,COP,"0,088",180,App,Aprobada,Cartagena,$44.490.033,4.4490033E7,false,Bogotá,2019-08-28,TecnoSoluciones SAS,835.108.164-6,"CDT, Cuenta Ahorros",Empresarial,NIT,tecnosoluciones.sas@gmail.com,573255204815
1034,500399,2024-05-01,CDT,6.0924321E7,COP,10.3 %,180,Cajero,Pendiente,Bucaramanga,60.924.321,6.0924321E7,true,Barranquilla,2023-05-10,María José Álvarez,446.377.174,Cuenta Corriente,,CC,maria.jose.alvarez@gmail.com,573185319380
1030,500125,2024-02-06,Cuenta de Ahorros,9819006.0,COP,0,-,Cajero,Aprobada,Medellín,$9.819.006,9819006.0,false,Bogotá,2022-12-11,Sofia Ramirez,530802345,Credito,Premium,NIT,sofia.ramirez@outlook.com,3238952955
1011,500190,2024-07-17,Crédito,3.2536584E7,COP,10.97,180,Oficina,Pendiente,Barranquilla,$32.536.584,3.2536584E7,false,Cali,2022-11-27,SANTIAGO VARGAS,339147326,Cuenta Corriente,Premium,NIT,,6025607689
1048,500110,2024-10-02,Crédito,8.5566362E7,COP,11.0 %,N/A,Web,Aprobada,Cartagena,$85.566.362,8.5566362E7,false,Bogotá,2019-08-28,TecnoSoluciones SAS,835.108.164-6,"CDT, Cuenta Ahorros",Empresarial,NIT,tecnosoluciones.sas@gmail.com,573255204815
1014,500072,2024-12-18,Cta Corriente,2580610.0,COP,0,-,Oficina,Pendiente,Cartagena,2.580.610 COP,2580610.0,true,Cali,2019-01-11,SANTIAGO VARGAS,291311700,"Credito, CDT, Cuenta Ahorros",Personal,NIT,,
1003,500019,2024-03-22,Cuenta de Ahorros,2728710.25,COP,N/A,0,App,Pendiente,Barranquilla,"2.728.710,25",2728710.25,true,Barranquilla,2020-07-01,Ana Maria Rojas,533496827,"Cuenta Ahorros, Cuenta Corriente",Personal,CC,ana.maria.rojas@empresa.com.co,3290597940
1020,500308,2024-06-05,Crédito,5.2004475E7,COP,13.7 %,360,Oficina,Rechazada,Barranquilla,"52.004.475,00",5.2004475E7,false,Pereira,2021-12-14,Ana Maria Rojas,876.641.426,CDT,Premium,NIT,ana.maria.rojas@empresa.com.co,3107217439
1034,500282,2024-12-13,Cuenta de Ahorros,950006.0,COP,N/A,0,Web,Pendiente,Medellín,$950.006,950006.0,true,Barranquilla,2023-05-10,María José Álvarez,446.377.174,Cuenta Corriente,,CC,maria.jose.alvarez@gmail.com,573185319380
1008,500231,2024-09-23,CDT,2.9206934E7,COP,N/A,365 dias,Cajero,Pendiente,Bogotá,29.206.934,2.9206934E7,true,Bogotá,2022-08-07,LUCIA FERNANDEZ,450758146,"Credito, Cuenta Ahorros",Premium,CC,,3269076238
1030,500244,2024-11-19,CDT,4.0219102E7,COP,"0,081",180,Cajero,Pendiente,Cartagena,$40.219.102,4.0219102E7,false,Bogotá,2022-12-11,Sofia Ramirez,530802345,Credito,Premium,NIT,sofia.ramirez@outlook.com,3238952955
1024,500113,2024-02-04,Crédito,1.132322105E8,COP,"8,9%",90,Cajero,Pendiente,Medellín,"113.232.210,50",1.132322105E8,false,Medellín,2021-12-23,Isabella Diaz,,"Cuenta Ahorros, Cuenta Corriente, CDT",Personal,,isabella.diaz@outlook.com,3275015557
1048,500132,2024-11-08,CDT,7.8274138E7,COP,9.57,180,Cajero,Pendiente,Barranquilla,78.274.138 COP,7.8274138E7,false,Bogotá,2019-08-28,TecnoSoluciones SAS,835.108.164-6,"CDT, Cuenta Ahorros",Empresarial,NIT,tecnosoluciones.sas@gmail.com,573255204815
1045,500326,2024-08-14,Crédito,1.6191823E7,COP,"10,6%",365 dias,App,Pendiente,Barranquilla,16.191.823 COP,1.6191823E7,false,Cali,2019-01-23,TecnoSoluciones SAS,895.649.166-7,"Credito, Cuenta Ahorros",Empresarial,NIT,tecnosoluciones.sas@hotmail.com,
1030,500151,2024-04-03,Ahorros,1.2184926E7,COP,0,-,Oficina,Aprobada,Barranquilla,12.184.926,1.2184926E7,false,Bogotá,2022-12-11,Sofia Ramirez,530802345,Credito,Premium,NIT,sofia.ramirez@outlook.com,3238952955
1007,500010,2024-04-18,Crédito,731.12,USD,"10,2%",N/A,Cajero,Aprobada,Barranquilla,731.12,2924480.0,false,Manizales,2021-07-11,SANTIAGO VARGAS,521686778,"",Premium,NIT,santiago.vargas@hotmail.com,
7777,500249,2024-12-02,Cuenta Ahorros,2028095.9,COP,0,-,Cajero,Rechazada,Bucaramanga,"2.028.095,90",2028095.9,,,,,,"",,,,
7777,500191,2024-11-27,Crédito,2.5452045E7,COP,9.6 %,180,App,Rechazada,Cartagena,"25.452.045,00",2.5452045E7,,,,,,"",,,,
1005,500142,2024-06-15,CDT,3.144643E7,COP,"8,3%",360,Cajero,Pendiente,Barranquilla,31.446.430,3.144643E7,false,Barranquilla,2022-08-09,Jorge  Mendoza,151504661,"Credito, Cuenta Ahorros",Premium,NIT,,3187164926
1033,500380,2024-08-26,Crédito,3508.83,USD,9.2 %,N/A,Oficina,Pendiente,Barranquilla,"3,508.83",1.403532E7,true,Bucaramanga,2021-08-06,Ana Maria Rojas,726.938.389,"Cuenta Corriente, Credito, Cuenta Ahorros",Premium,CC,,3107225042
1014,500327,2024-09-27,Cuenta Corriente,,,0,-,Oficina,Pendiente,Bogotá,"13.387.297,90",,true,Cali,2019-01-11,SANTIAGO VARGAS,291311700,"Credito, CDT, Cuenta Ahorros",Personal,NIT,,
1021,500153,2024-08-15,CDT,,,"0,126",,Oficina,Rechazada,Medellín,$29.237.881,,true,Pereira,2023-03-19,Daniela Suarez,,"Cuenta Ahorros, Credito, Cuenta Corriente",Premium,,daniela.suarez@empresa.com.co,
1027,500418,2024-10-12,Cuenta Corriente,-1070297.0,COP,,0,Oficina,Pendiente,Bogotá,-1.070.297,-1070297.0,true,Barranquilla,2019-12-24,Isabella Diaz,1044350751,"CDT, Cuenta Ahorros, Credito",Personal,CC,isabella.diaz@empresa.com.co,573136487687
1019,500137,2024-12-15,CDT,,,N/A,365 dias,App,Pendiente,Barranquilla,78.565.684,,false,Bogotá,2021-03-12,Jorge  Mendoza,572.265.678,"Cuenta Corriente, Cuenta Ahorros",Personal,NIT,jorge.mendoza@outlook.com,3155751377
1023,500415,2024-07-22,Crédito,8154087.0,COP,"0,126",,Cajero,Aprobada,Medellín,8.154.087 COP,8154087.0,false,Cúcuta,2023-11-11,Gabriela Nino,200.660.305,"CDT, Credito, Cuenta Corriente",Personal,NIT,gabriela.nino@outlook.com,6035151432
1010,500416,2024-10-10,CDT,5.2045593E7,COP,,,Cajero,Pendiente,Medellín,52.045.593,5.2045593E7,true,Medellín,2023-12-02,Gabriela Nino,370668724,"Cuenta Ahorros, Cuenta Corriente, CDT",Personal,CC,,573289895588
1049,500341,2024-07-06,Ahorros,1.1097696E7,COP,,0,Oficina,Pendiente,Cartagena,$11.097.696,1.1097696E7,true,Cali,2019-06-25,TecnoSoluciones SAS,804.895.887-9,CDT,Empresarial,NIT,,
8888,500048,2024-05-10,Certificado de Deposito,,,"8,2%",,Oficina,Pendiente,Cali,$28.352.186,,,,,,,"",,,,
1025,500264,2024-06-01,Credito,1.15827137E8,COP,13.59,,Cajero,Pendiente,Barranquilla,115.827.137,1.15827137E8,false,Bogotá,2022-04-02,Felipe  Cardenas,620.931.459,Cuenta Ahorros,Premium,NIT,,
1042,500291,2024-09-03,CDT,1.67126569E7,COP,13.7 %,180,App,Pendiente,,"16.712.656,90",1.67126569E7,false,Bucaramanga,2019-03-13,TecnoSoluciones SAS,839.022.478-5,"Cuenta Ahorros, Credito",PYME,NIT,tecnosoluciones.sas@outlook.com,6027136034
1045,500381,2024-06-20,Cuenta de Ahorros,,,0,,App,Pendiente,Medellín,$10.428.372,,false,Cali,2019-01-23,TecnoSoluciones SAS,895.649.166-7,"Credito, Cuenta Ahorros",Empresarial,NIT,tecnosoluciones.sas@hotmail.com,
1032,500167,2024-06-19,CDT,,COP,,360,Oficina,Pendiente,Cali,-,,true,Bogotá,2023-06-01,Sofia Ramirez,134869286,"",Personal,CC,,
1034,500009,2024-07-14,Cuenta Corriente,6084361.0,COP,,,App,Aprobada,Barranquilla,$6.084.361,6084361.0,true,Barranquilla,2023-05-10,María José Álvarez,446.377.174,Cuenta Corriente,,CC,maria.jose.alvarez@gmail.com,573185319380
9999,500353,2025-04-01,CDT,,,9.5 %,,Cajero,Pendiente,Cali,$18.154.068,,,,,,,"",,,,
1007,500281,2024-08-11,Cuenta Corriente,,COP,,,Oficina,Aprobada,Cali,-,,false,Manizales,2021-07-11,SANTIAGO VARGAS,521686778,"",Premium,NIT,santiago.vargas@hotmail.com,
1043,500024,2024-12-22,Ahorros,,,0,0,Oficina,Aprobada,,1.091.943,,true,Medellín,2019-12-28,Logistica Express SA,864.182.544-0,"Cuenta Ahorros, Credito, Cuenta Corriente",Empresarial,NIT,logistica.express.sa@empresa.com.co,573128424100
1028,500362,2024-06-14,Cuenta de Ahorros,1.0386022E7,COP,,-,Web,Rechazada,Bogotá,$10.386.022,1.0386022E7,true,Pereira,2019-03-27,Juan  Perez,631851520,Credito,Premium,NIT,juan.perez@outlook.com,3106763370
1032,500313,2024-11-02,Cuenta de Ahorros,8740.89,USD,0,,Oficina,Rechazada,Bogotá,"8,740.89",3.496356E7,true,Bogotá,2023-06-01,Sofia Ramirez,134869286,"",Personal,CC,,
1028,500302,2024-04-08,Cuenta Ahorros,1.189367E7,COP,N/A,,Cajero,Rechazada,Cartagena,$11.893.670,1.189367E7,true,Pereira,2019-03-27,Juan  Perez,631851520,Credito,Premium,NIT,juan.perez@outlook.com,3106763370
1026,500325,2024-03-08,Cuenta Corriente,4357558.0,COP,N/A,,Cajero,Aprobada,Bogotá,4.357.558,4357558.0,false,Cúcuta,2019-07-13,Gabriela Nino,309617176,CDT,Premium,CC,gabriela.nino@empresa.com.co,6022113244
1043,500372,2024-05-21,Cta Corriente,,,,-,Web,Pendiente,Barranquilla,6.702.440,,true,Medellín,2019-12-28,Logistica Express SA,864.182.544-0,"Cuenta Ahorros, Credito, Cuenta Corriente",Empresarial,NIT,logistica.express.sa@empresa.com.co,573128424100
1043,500087,2024-09-08,Ahorros,9592.91,USD,,,App,Rechazada,Bogotá,"9,592.91",3.837164E7,true,Medellín,2019-12-28,Logistica Express SA,864.182.544-0,"Cuenta Ahorros, Credito, Cuenta Corriente",Empresarial,NIT,logistica.express.sa@empresa.com.co,573128424100
1047,500352,2024-05-24,Cuenta Corriente,4529400.0,COP,0,,App,Pendiente,Barranquilla,$4.529.400,4529400.0,true,Barranquilla,2022-07-03,Logistica Express SA,871.027.971-2,"",Empresarial,NIT,,
1018,500404,2024-10-20,Cta Corriente,8494772.0,COP,,-,App,Aprobada,Bucaramanga,8.494.772,8494772.0,true,Barranquilla,2019-06-16,Valentina Ruiz,889034069,"Cuenta Corriente, CDT, Cuenta Ahorros",Premium,CC,valentina.ruiz@outlook.com,573148717954
1028,500062,2024-01-08,Crédito,,,,360,Web,Aprobada,Bogotá,$14.645.094,,true,Pereira,2019-03-27,Juan  Perez,631851520,Credito,Premium,NIT,juan.perez@outlook.com,3106763370
1024,500171,2024-12-23,Certificado de Deposito,5.5764084E7,COP,9.08,,App,Aprobada,Barranquilla,$55.764.084,5.5764084E7,false,Medellín,2021-12-23,Isabella Diaz,,"Cuenta Ahorros, Cuenta Corriente, CDT",Personal,,isabella.diaz@outlook.com,3275015557
1007,500318,2025-07-05,CDT,3.8977903E7,COP,"0,105",,Oficina,Rechazada,Cali,$38.977.903,3.8977903E7,false,Manizales,2021-07-11,SANTIAGO VARGAS,521686778,"",Premium,NIT,santiago.vargas@hotmail.com,
1001,500312,2024-06-12,Cuenta de Ahorros,857.572,,N/A,0,App,Pendiente,Cali,$857.572,,false,Cali,2023-10-22,María José Álvarez,183324205,"Credito, CDT, Cuenta Ahorros",Premium,CC,maria.jose.alvarez@hotmail.com,3255808277
1050,500261,2024-08-23,Ahorros,7743272.0,COP,,-,App,Aprobada,Bogotá,$7.743.272,7743272.0,false,Bogotá,2023-06-08,Inversiones El Roble SAS,843.374.700-0,"",,NIT,inversiones.el.roble.sas@hotmail.com,6087257455
1019,500371,2024-03-11,Crédito,,,8.9 %,365 dias,Cajero,Aprobada,Cali,45.690.358,,false,Bogotá,2021-03-12,Jorge  Mendoza,572.265.678,"Cuenta Corriente, Cuenta Ahorros",Personal,NIT,jorge.mendoza@outlook.com,3155751377
7777,500154,2024-04-03,CDT,-8816628.25,COP,10.38,,Cajero,Pendiente,Bogotá,"-8.816.628,25",-8816628.25,,,,,,"",,,,
1024,500083,2024-05-01,Cuenta de Ahorros,,COP,,0,Web,Aprobada,Bogotá,,,false,Medellín,2021-12-23,Isabella Diaz,,"Cuenta Ahorros, Cuenta Corriente, CDT",Personal,,isabella.diaz@outlook.com,3275015557
1046,500215,2024-08-19,CDT,7.8460696E7,COP,12.42,180,Oficina,Pendiente,,$78.460.696,7.8460696E7,true,Cartagena,2020-01-12,Agroexportadora Valle,895.639.767-7,"CDT, Credito, Cuenta Corriente",PYME,NIT,,3100851835
1021,500186,2024-06-27,Cuenta de Ahorros,968.633,,,,Oficina,Pendiente,Barranquilla,968.633 COP,,true,Pereira,2023-03-19,Daniela Suarez,,"Cuenta Ahorros, Credito, Cuenta Corriente",Premium,,daniela.suarez@empresa.com.co,
7777,500028,2024-05-03,Cuenta de Ahorros,4979606.0,COP,N/A,,Cajero,Aprobada,Medellín,4.979.606 COP,4979606.0,,,,,,"",,,,
1048,500180,2025-10-15,Cuenta Corriente,,,,-,Web,Aprobada,Barranquilla,$5.130.138,,false,Bogotá,2019-08-28,TecnoSoluciones SAS,835.108.164-6,"CDT, Cuenta Ahorros",Empresarial,NIT,tecnosoluciones.sas@gmail.com,573255204815
1006,500328,2024-04-10,Cuenta Ahorros,8704127.0,COP,0,,App,Rechazada,Cali,8.704.127 COP,8704127.0,false,Bogotá,2022-07-10,SANTIAGO VARGAS,147468722,"CDT, Cuenta Corriente, Cuenta Ahorros",Personal,CC,santiago.vargas@outlook.com,6077327764
1004,500014,2024-01-25,Certificado de Deposito,6.1580974E7,COP,"8,4%",,Oficina,Aprobada,Cartagena,"61.580.974,00",6.1580974E7,true,Medellín,2022-01-07,Isabella Diaz,342601915,Cuenta Ahorros,Premium,CC,isabella.diaz@empresa.com.co,3138849654
1043,500071,2024-08-19,Cuenta de Ahorros,1.3720146E7,COP,,-,Oficina,Rechazada,,$13.720.146,1.3720146E7,true,Medellín,2019-12-28,Logistica Express SA,864.182.544-0,"Cuenta Ahorros, Credito, Cuenta Corriente",Empresarial,NIT,logistica.express.sa@empresa.com.co,573128424100
1005,500090,2024-05-24,Cuenta de Ahorros,1.2832012E7,COP,0,,Cajero,Rechazada,,12.832.012,1.2832012E7,false,Barranquilla,2022-08-09,Jorge  Mendoza,151504661,"Credito, Cuenta Ahorros",Premium,NIT,,3187164926
1005,500133,2024-06-02,CDT,4.1062892E7,COP,,90,Web,Pendiente,Bucaramanga,$41.062.892,4.1062892E7,false,Barranquilla,2022-08-09,Jorge  Mendoza,151504661,"Credito, Cuenta Ahorros",Premium,NIT,,3187164926
1006,500410,2024-06-10,CDT,,,"9,5%",N/A,App,Pendiente,Medellín,20.142.230,,false,Bogotá,2022-07-10,SANTIAGO VARGAS,147468722,"CDT, Cuenta Corriente, Cuenta Ahorros",Personal,CC,santiago.vargas@outlook.com,6077327764
1034,500092,2024-12-27,CDT,3833.4,USD,,180,Cajero,Aprobada,Cartagena,"3,833.40",1.53336E7,true,Barranquilla,2023-05-10,María José Álvarez,446.377.174,Cuenta Corriente,,CC,maria.jose.alvarez@gmail.com,573185319380
7777,500304,2024-07-13,Certificado de Deposito,,,"12,0%",365 dias,App,Pendiente,Medellín,62.870.813,,,,,,,"",,,,
1046,500141,2024-04-15,Cuenta de Ahorros,8982107.9,COP,N/A,,Oficina,Aprobada,Cartagena,"8.982.107,90",8982107.9,true,Cartagena,2020-01-12,Agroexportadora Valle,895.639.767-7,"CDT, Credito, Cuenta Corriente",PYME,NIT,,3100851835
1019,500329,2024-01-17,Cuenta Corriente,,USD,N/A,-,Oficina,Rechazada,Medellín,,,false,Bogotá,2021-03-12,Jorge  Mendoza,572.265.678,"Cuenta Corriente, Cuenta Ahorros",Personal,NIT,jorge.mendoza@outlook.com,3155751377
1035,500159,2024-07-15,Cuenta de Ahorros,,,,,Cajero,Aprobada,Barranquilla,$10.363.721,,true,Medellín,2021-12-28,Juan  Perez,103903237,Credito,Premium,CC,juan.perez@gmail.com,
1045,500061,2024-05-26,Ahorros,-3041963.0,COP,0,,Web,Aprobada,Cartagena,-3.041.963,-3041963.0,false,Cali,2019-01-23,TecnoSoluciones SAS,895.649.166-7,"Credito, Cuenta Ahorros",Empresarial,NIT,tecnosoluciones.sas@hotmail.com,
1012,500140,2024-12-08,Cuenta de Ahorros,1.1427022E7,COP,N/A,,App,Pendiente,,$11.427.022,1.1427022E7,true,Cúcuta,2022-09-05,Sofia Ramirez,835.079.380,"Cuenta Corriente, CDT",Premium,NIT,sofia.ramirez@empresa.com.co,573244932334
1014,500197,2024-03-13,Crédito,4.6793519E7,COP,"10,6%",,Web,Aprobada,Medellín,$46.793.519,4.6793519E7,true,Cali,2019-01-11,SANTIAGO VARGAS,291311700,"Credito, CDT, Cuenta Ahorros",Personal,NIT,,
1008,500155,2024-08-27,Ahorros,1.4836914E7,COP,,-,Cajero,Aprobada,Medellín,$14.836.914,1.4836914E7,true,Bogotá,2022-08-07,LUCIA FERNANDEZ,450758146,"Credito, Cuenta Ahorros",Premium,CC,,3269076238
1026,500254,2024-06-13,Cuenta Corriente,9561243.0,COP,0,0,Cajero,Aprobada,,9.561.243,9561243.0,false,Cúcuta,2019-07-13,Gabriela Nino,309617176,CDT,Premium,CC,gabriela.nino@empresa.com.co,6022113244
1008,500300,2024-06-09,Cuenta Ahorros,1399668.0,COP,,-,Web,Aprobada,Medellín,$1.399.668,1399668.0,true,Bogotá,2022-08-07,LUCIA FERNANDEZ,450758146,"Credito, Cuenta Ahorros",Premium,CC,,3269076238
1033,500079,2024-10-20,Cuenta Corriente,1.0046568E7,COP,,-,Oficina,Rechazada,Bogotá,$10.046.568,1.0046568E7,true,Bucaramanga,2021-08-06,Ana Maria Rojas,726.938.389,"Cuenta Corriente, Credito, Cuenta Ahorros",Premium,CC,,3107225042
1036,500070,2024-07-16,Cuenta Corriente,,,0,0,Cajero,Pendiente,Cali,$2.371.504,,true,Cali,2022-12-12,Felipe  Cardenas,382543348,"CDT, Credito, Cuenta Ahorros",Premium,NIT,felipe.cardenas@hotmail.com,6062906603
1050,500278,2024-07-26,Crédito,1.2442132E7,COP,,365 dias,Web,Pendiente,Bogotá,$12.442.132,1.2442132E7,false,Bogotá,2023-06-08,Inversiones El Roble SAS,843.374.700-0,"",,NIT,inversiones.el.roble.sas@hotmail.com,6087257455
1039,500084,2024-03-27,Cuenta Corriente,,USD,N/A,,Oficina,Pendiente,Cali,,,false,Bogotá,2021-02-01,carlos gomez,,Cuenta Corriente,Personal,,,
1039,500390,2024-10-07,Credito,,,"11,5%",365 dias,Web,Aprobada,Bogotá,$95.359.746,,false,Bogotá,2021-02-01,carlos gomez,,Cuenta Corriente,Personal,,,
1013,500200,2024-07-04,Certificado de Deposito,24610.95,USD,,N/A,Oficina,Pendiente,Cali,"24,610.95",9.84438E7,false,Pereira,2019-10-04,Camila Ortiz,107.445.646,"CDT, Cuenta Corriente, Credito",Premium,CC,,
1045,500272,2024-10-23,Crédito,1.05684996E8,COP,,90,Web,Rechazada,Medellín,$105.684.996,1.05684996E8,false,Cali,2019-01-23,TecnoSoluciones SAS,895.649.166-7,"Credito, Cuenta Ahorros",Empresarial,NIT,tecnosoluciones.sas@hotmail.com,
1024,500173,2024-09-03,Cuenta Ahorros,1.4650248E7,COP,N/A,,App,Aprobada,Bogotá,14.650.248,1.4650248E7,false,Medellín,2021-12-23,Isabella Diaz,,"Cuenta Ahorros, Cuenta Corriente, CDT",Personal,,isabella.diaz@outlook.com,3275015557
1033,500379,2024-07-27,Cuenta Corriente,9074053.0,COP,0,,App,Pendiente,Medellín,$9.074.053,9074053.0,true,Bucaramanga,2021-08-06,Ana Maria Rojas,726.938.389,"Cuenta Corriente, Credito, Cuenta Ahorros",Premium,CC,,3107225042
1036,500289,2024-11-23,Cuenta de Ahorros,4250929.0,COP,N/A,,Oficina,Rechazada,Bogotá,$4.250.929,4250929.0,true,Cali,2022-12-12,Felipe  Cardenas,382543348,"CDT, Credito, Cuenta Ahorros",Premium,NIT,felipe.cardenas@hotmail.com,6062906603
1002,500395,2024-08-25,Cuenta Corriente,16451.98,USD,0,,App,Pendiente,Cartagena,"16,451.98",6.580792E7,true,Bogotá,2021-02-02,Daniela Suarez,670.318.744,"Cuenta Ahorros, CDT",Personal,CC,,573286791978
1021,500361,2024-10-11,Cuenta de Ahorros,1.2304083E7,COP,,,Cajero,Aprobada,Cali,12.304.083,1.2304083E7,true,Pereira,2023-03-19,Daniela Suarez,,"Cuenta Ahorros, Credito, Cuenta Corriente",Premium,,daniela.suarez@empresa.com.co,
1015,500040,2024-01-11,Cuenta de Ahorros,9288330.0,COP,0,,Web,Pendiente,Bucaramanga,9.288.330 COP,9288330.0,false,Bogotá,2019-07-23,Daniela Suarez,81551884,Cuenta Ahorros,Personal,CC,,
1037,500069,2024-10-19,CDT,23446.85,USD,"0,107",,Cajero,Aprobada,Bogotá,"23,446.85",9.37874E7,true,Cúcuta,2019-02-12,Gabriela Nino,907.258.312,"",Personal,CC,,573247898621
1021,500309,2024-11-04,Cuenta Corriente,9704997.0,COP,,0,Web,Aprobada,Medellín,$9.704.997,9704997.0,true,Pereira,2023-03-19,Daniela Suarez,,"Cuenta Ahorros, Credito, Cuenta Corriente",Premium,,daniela.suarez@empresa.com.co,
1046,500343,2024-06-10,Cuenta de Ahorros,4655085.0,COP,,0,Oficina,Pendiente,Barranquilla,$4.655.085,4655085.0,true,Cartagena,2020-01-12,Agroexportadora Valle,895.639.767-7,"CDT, Credito, Cuenta Corriente",PYME,NIT,,3100851835
1024,500067,2024-11-11,CDT,,,N/A,360,Oficina,Pendiente,Barranquilla,44.129.606,,false,Medellín,2021-12-23,Isabella Diaz,,"Cuenta Ahorros, Cuenta Corriente, CDT",Personal,,isabella.diaz@outlook.com,3275015557
1004,500293,2024-04-26,Cta Corriente,2105455.0,COP,,,App,Rechazada,Cali,"2.105.455,00",2105455.0,true,Medellín,2022-01-07,Isabella Diaz,342601915,Cuenta Ahorros,Premium,CC,isabella.diaz@empresa.com.co,3138849654
1013,500058,2025-03-04,Cuenta de Ahorros,1236028.0,COP,,0,Web,Pendiente,Barranquilla,1.236.028 COP,1236028.0,false,Pereira,2019-10-04,Camila Ortiz,107.445.646,"CDT, Cuenta Corriente, Credito",Premium,CC,,
1009,500236,2024-12-09,Credito,,,"0,115",365 dias,App,Aprobada,Barranquilla,18.107.976,,false,Barranquilla,2021-08-18,Gabriela Nino,,"Cuenta Ahorros, CDT, Cuenta Corriente",Personal,,gabriela.nino@outlook.com,
1049,500367,2024-11-08,Crédito,4.68250655E7,COP,"10,6%",,App,Rechazada,Bogotá,"46.825.065,50",4.68250655E7,true,Cali,2019-06-25,TecnoSoluciones SAS,804.895.887-9,CDT,Empresarial,NIT,,
1038,500101,2024-12-15,Cuenta de Ahorros,6073220.0,COP,0,-,Web,Pendiente,,$6.073.220,6073220.0,true,Cali,2019-08-24,diego torres,1054729284,"Credito, Cuenta Ahorros",Premium,NIT,diego.torres@empresa.com.co,573183697021
1020,500297,2024-11-26,Cuenta Ahorros,1989322.0,COP,,0,Web,Aprobada,Bucaramanga,$1.989.322,1989322.0,false,Pereira,2021-12-14,Ana Maria Rojas,876.641.426,CDT,Premium,NIT,ana.maria.rojas@empresa.com.co,3107217439
1043,500266,2024-11-08,Cuenta de Ahorros,8045763.0,COP,,-,Oficina,Pendiente,Cali,$8.045.763,8045763.0,true,Medellín,2019-12-28,Logistica Express SA,864.182.544-0,"Cuenta Ahorros, Credito, Cuenta Corriente",Empresarial,NIT,logistica.express.sa@empresa.com.co,573128424100
1029,500217,2024-03-26,Crédito,1.8391218E7,COP,12.2 %,360,Cajero,Pendiente,,18.391.218,1.8391218E7,true,Cali,2021-03-22,Camila Ortiz,992161337,Credito,Premium,NIT,camila.ortiz@gmail.com,3197030144
1050,500407,2024-04-03,Cuenta de Ahorros,9973167.0,COP,0,0,Oficina,Pendiente,,$9.973.167,9973167.0,false,Bogotá,2023-06-08,Inversiones El Roble SAS,843.374.700-0,"",,NIT,inversiones.el.roble.sas@hotmail.com,6087257455
1004,500276,2024-02-05,CDT,2.2814787E7,COP,10.34,,Oficina,Rechazada,Barranquilla,22.814.787,2.2814787E7,true,Medellín,2022-01-07,Isabella Diaz,342601915,Cuenta Ahorros,Premium,CC,isabella.diaz@empresa.com.co,3138849654
1042,500052,2024-03-03,CDT,1.5515157E7,COP,10.04,N/A,Oficina,Rechazada,,15.515.157,1.5515157E7,false,Bucaramanga,2019-03-13,TecnoSoluciones SAS,839.022.478-5,"Cuenta Ahorros, Credito",PYME,NIT,tecnosoluciones.sas@outlook.com,6027136034
1021,500382,2024-08-01,Cuenta de Ahorros,,,0,,Web,Pendiente,Cali,4.941.023,,true,Pereira,2023-03-19,Daniela Suarez,,"Cuenta Ahorros, Credito, Cuenta Corriente",Premium,,daniela.suarez@empresa.com.co,
1017,500075,2024-03-23,Cta Corriente,20635.75,USD,,,Oficina,Aprobada,Bogotá,"20,635.75",8.2543E7,false,Bogotá,2021-09-24,carlos gomez,372.704.373,"",,NIT,carlos.gomez@empresa.com.co,573168641959
1040,500314,2024-11-17,Cuenta de Ahorros,6551971.0,COP,0,,App,Aprobada,Barranquilla,$6.551.971,6551971.0,true,Cali,2020-05-03,Camila Ortiz,,"Credito, Cuenta Corriente, CDT",,,,573118233229
1016,500405,2024-07-03,Crédito,,,"0,139",360,Oficina,Aprobada,Bogotá,$44.853.668,,false,Bogotá,2021-07-22,Nicolas  Romero,907703101,"Credito, Cuenta Ahorros, CDT",Premium,CC,,
1023,500105,2024-12-10,Crédito,5.9033122E7,COP,11.6 %,,Web,Pendiente,Bogotá,59.033.122,5.9033122E7,false,Cúcuta,2023-11-11,Gabriela Nino,200.660.305,"CDT, Credito, Cuenta Corriente",Personal,NIT,gabriela.nino@outlook.com,6035151432
1028,500346,2024-08-01,Cuenta Corriente,3201976.0,COP,,0,Cajero,Rechazada,Cali,$3.201.976,3201976.0,true,Pereira,2019-03-27,Juan  Perez,631851520,Credito,Premium,NIT,juan.perez@outlook.com,3106763370
1008,500106,2024-09-22,Cta Corriente,482578.0,COP,0,,App,Aprobada,Medellín,482.578 COP,482578.0,true,Bogotá,2022-08-07,LUCIA FERNANDEZ,450758146,"Credito, Cuenta Ahorros",Premium,CC,,3269076238
1031,500258,2024-02-21,Cta Corriente,,,0,,Cajero,Rechazada,Bogotá,8.027.906 COP,,false,Cali,2019-06-16,Laura   Gonzalez,678341010,CDT,Personal,CC,,573139507237
1040,500255,2024-09-15,Cuenta Ahorros,3665687.0,COP,0,,Cajero,Aprobada,Medellín,$3.665.687,3665687.0,true,Cali,2020-05-03,Camila Ortiz,,"Credito, Cuenta Corriente, CDT",,,,573118233229
1002,500211,2024-11-02,Crédito,,,,N/A,Cajero,Pendiente,Cartagena,$69.475.728,,true,Bogotá,2021-02-02,Daniela Suarez,670.318.744,"Cuenta Ahorros, CDT",Personal,CC,,573286791978
1049,500196,2024-09-07,Cuenta de Ahorros,9280227.0,COP,N/A,,Web,Aprobada,Bucaramanga,$9.280.227,9280227.0,true,Cali,2019-06-25,TecnoSoluciones SAS,804.895.887-9,CDT,Empresarial,NIT,,
1008,500042,2024-10-14,CDT,4.0526088E7,COP,9.64,,App,Pendiente,Cali,$40.526.088,4.0526088E7,true,Bogotá,2022-08-07,LUCIA FERNANDEZ,450758146,"Credito, Cuenta Ahorros",Premium,CC,,3269076238
1027,500373,2024-01-26,Cta Corriente,7802238.0,COP,,0,Web,Rechazada,Barranquilla,7.802.238,7802238.0,true,Barranquilla,2019-12-24,Isabella Diaz,1044350751,"CDT, Cuenta Ahorros, Credito",Personal,CC,isabella.diaz@empresa.com.co,573136487687
7777,500376,2024-01-18,CDT,4311031.9,COP,"11,2%",360,Web,Pendiente,,"4.311.031,90",4311031.9,,,,,,"",,,,
9999,500076,2024-05-27,Certificado de Deposito,4.8473995E7,COP,"0,102",N/A,Cajero,Rechazada,,48.473.995 COP,4.8473995E7,,,,,,"",,,,
1002,500144,2024-11-28,Cuenta Ahorros,407818.25,COP,,-,Web,Pendiente,Bogotá,"407.818,25",407818.25,true,Bogotá,2021-02-02,Daniela Suarez,670.318.744,"Cuenta Ahorros, CDT",Personal,CC,,573286791978
1038,500259,2024-09-19,Cuenta de Ahorros,6867713.0,COP,,0,Oficina,Rechazada,Barranquilla,$6.867.713,6867713.0,true,Cali,2019-08-24,diego torres,1054729284,"Credito, Cuenta Ahorros",Premium,NIT,diego.torres@empresa.com.co,573183697021
1033,500148,2024-03-01,Cuenta de Ahorros,,COP,0,,App,Pendiente,Bogotá,NULL,,true,Bucaramanga,2021-08-06,Ana Maria Rojas,726.938.389,"Cuenta Corriente, Credito, Cuenta Ahorros",Premium,CC,,3107225042
1045,500224,2024-10-13,Crédito,1.15300157E8,COP,"13,2%",,Oficina,Pendiente,,115.300.157 COP,1.15300157E8,false,Cali,2019-01-23,TecnoSoluciones SAS,895.649.166-7,"Credito, Cuenta Ahorros",Empresarial,NIT,tecnosoluciones.sas@hotmail.com,
1008,500026,2024-11-27,Cta Corriente,15878.8,USD,0,,App,Pendiente,Cartagena,"15,878.80",6.35152E7,true,Bogotá,2022-08-07,LUCIA FERNANDEZ,450758146,"Credito, Cuenta Ahorros",Premium,CC,,3269076238
1002,500184,2024-04-10,Cuenta de Ahorros,1.119572125E7,COP,N/A,,Cajero,Pendiente,Bogotá,"11.195.721,25",1.119572125E7,true,Bogotá,2021-02-02,Daniela Suarez,670.318.744,"Cuenta Ahorros, CDT",Personal,CC,,573286791978
1038,500031,2024-05-28,Ahorros,2447012.0,COP,,,Web,Aprobada,Bogotá,2.447.012 COP,2447012.0,true,Cali,2019-08-24,diego torres,1054729284,"Credito, Cuenta Ahorros",Premium,NIT,diego.torres@empresa.com.co,573183697021
1048,500119,2024-03-08,Cuenta Corriente,4093431.0,COP,0,,Cajero,Pendiente,Bogotá,$4.093.431,4093431.0,false,Bogotá,2019-08-28,TecnoSoluciones SAS,835.108.164-6,"CDT, Cuenta Ahorros",Empresarial,NIT,tecnosoluciones.sas@gmail.com,573255204815
1034,500134,2024-12-08,CDT,,,"0,106",365 dias,App,Aprobada,Bogotá,3.934.004,,true,Barranquilla,2023-05-10,María José Álvarez,446.377.174,Cuenta Corriente,,CC,maria.jose.alvarez@gmail.com,573185319380
1028,500391,2024-07-28,Cuenta de Ahorros,,,N/A,0,App,Pendiente,Medellín,$13.238.727,,true,Pereira,2019-03-27,Juan  Perez,631851520,Credito,Premium,NIT,juan.perez@outlook.com,3106763370
1002,500086,2024-02-09,CDT,3980520.0,COP,"11,4%",,Web,Pendiente,Barranquilla,3.980.520,3980520.0,true,Bogotá,2021-02-02,Daniela Suarez,670.318.744,"Cuenta Ahorros, CDT",Personal,CC,,573286791978
1032,500194,2024-07-10,Cuenta de Ahorros,4921055.0,COP,,-,App,Rechazada,Bogotá,$4.921.055,4921055.0,true,Bogotá,2023-06-01,Sofia Ramirez,134869286,"",Personal,CC,,
1026,500121,2024-08-23,Cuenta Ahorros,1936336.25,COP,N/A,,Oficina,Pendiente,Medellín,"1.936.336,25",1936336.25,false,Cúcuta,2019-07-13,Gabriela Nino,309617176,CDT,Premium,CC,gabriela.nino@empresa.com.co,6022113244
1035,500213,2024-02-23,Cta Corriente,1.0837735E7,COP,N/A,,App,Pendiente,Cali,"10.837.735,00",1.0837735E7,true,Medellín,2021-12-28,Juan  Perez,103903237,Credito,Premium,CC,juan.perez@gmail.com,
1017,500094,2024-09-21,Cuenta Corriente,8019130.0,COP,,,Web,Aprobada,Bucaramanga,8.019.130 COP,8019130.0,false,Bogotá,2021-09-24,carlos gomez,372.704.373,"",,NIT,carlos.gomez@empresa.com.co,573168641959
1016,500004,2024-07-04,Cuenta de Ahorros,,,N/A,0,Oficina,Pendiente,Medellín,-,,false,Bogotá,2021-07-22,Nicolas  Romero,907703101,"Credito, Cuenta Ahorros, CDT",Premium,CC,,
1034,500319,2024-08-26,Cuenta de Ahorros,,COP,N/A,,App,Pendiente,Medellín,,,true,Barranquilla,2023-05-10,María José Álvarez,446.377.174,Cuenta Corriente,,CC,maria.jose.alvarez@gmail.com,573185319380
1008,500204,2024-12-07,CDT,3.4005777E7,COP,12.67,,Cajero,Aprobada,Bogotá,34.005.777 COP,3.4005777E7,true,Bogotá,2022-08-07,LUCIA FERNANDEZ,450758146,"Credito, Cuenta Ahorros",Premium,CC,,3269076238
1020,500178,2024-02-27,Cuenta de Ahorros,2891013.0,COP,,,Oficina,Pendiente,Bogotá,$2.891.013,2891013.0,false,Pereira,2021-12-14,Ana Maria Rojas,876.641.426,CDT,Premium,NIT,ana.maria.rojas@empresa.com.co,3107217439
1040,500359,2024-07-04,Crédito,,,10.76,N/A,Oficina,Rechazada,Barranquilla,$80.055.911,,true,Cali,2020-05-03,Camila Ortiz,,"Credito, Cuenta Corriente, CDT",,,,573118233229
1001,500296,2024-06-03,Cuenta Corriente,1.0429189E7,COP,N/A,,Web,Aprobada,Medellín,"10.429.189,00",1.0429189E7,false,Cali,2023-10-22,María José Álvarez,183324205,"Credito, CDT, Cuenta Ahorros",Premium,CC,maria.jose.alvarez@hotmail.com,3255808277
1050,500166,2024-11-16,Ahorros,1.2756219E7,COP,,-,Oficina,Aprobada,Medellín,12.756.219,1.2756219E7,false,Bogotá,2023-06-08,Inversiones El Roble SAS,843.374.700-0,"",,NIT,inversiones.el.roble.sas@hotmail.com,6087257455
1047,500112,2024-11-11,Ahorros,1.273570425E7,COP,,0,App,Pendiente,Bucaramanga,"12.735.704,25",1.273570425E7,true,Barranquilla,2022-07-03,Logistica Express SA,871.027.971-2,"",Empresarial,NIT,,
1011,500111,2024-09-06,CDT,7.327928E7,COP,,360,App,Pendiente,Bogotá,$73.279.280,7.327928E7,false,Cali,2022-11-27,SANTIAGO VARGAS,339147326,Cuenta Corriente,Premium,NIT,,6025607689
1012,500158,2024-12-28,Cuenta Ahorros,1.1675042E7,COP,N/A,,App,Aprobada,Bogotá,"11.675.042,00",1.1675042E7,true,Cúcuta,2022-09-05,Sofia Ramirez,835.079.380,"Cuenta Corriente, CDT",Premium,NIT,sofia.ramirez@empresa.com.co,573244932334
1013,500344,2024-12-03,Cuenta Corriente,,,,-,Oficina,Aprobada,Bucaramanga,"14.459.870,90",,false,Pereira,2019-10-04,Camila Ortiz,107.445.646,"CDT, Cuenta Corriente, Credito",Premium,CC,,
1042,500406,2024-03-26,Cuenta de Ahorros,1.21605869E7,COP,,0,Oficina,Pendiente,Medellín,"12.160.586,90",1.21605869E7,false,Bucaramanga,2019-03-13,TecnoSoluciones SAS,839.022.478-5,"Cuenta Ahorros, Credito",PYME,NIT,tecnosoluciones.sas@outlook.com,6027136034
1027,500143,2024-09-27,Cuenta de Ahorros,853817.0,COP,,0,Oficina,Pendiente,Cali,$853.817,853817.0,true,Barranquilla,2019-12-24,Isabella Diaz,1044350751,"CDT, Cuenta Ahorros, Credito",Personal,CC,isabella.diaz@empresa.com.co,573136487687
1041,500286,2024-11-12,Certificado de Deposito,,,10.82,,Web,Aprobada,Bogotá,45.296.826,,true,Bogotá,2021-04-18,Textiles del Caribe S.A.,880.804.498-2,"Cuenta Corriente, CDT",Empresarial,NIT,textiles.del.caribe.s.a.@outlook.com,573293912594
1003,500243,2024-02-21,Ahorros,4682125.0,COP,,,App,Pendiente,Cali,$4.682.125,4682125.0,true,Barranquilla,2020-07-01,Ana Maria Rojas,533496827,"Cuenta Ahorros, Cuenta Corriente",Personal,CC,ana.maria.rojas@empresa.com.co,3290597940
1044,500397,2023-06-05,Cuenta Corriente,3421231.0,COP,N/A,,Oficina,Pendiente,Cali,$3.421.231,3421231.0,true,Cali,2019-11-26,Alimentos La Cosecha,806.768.972-4,"Cuenta Corriente, CDT, Credito",Empresarial,NIT,,
1049,500198,2024-04-14,CDT,3.1502951E7,COP,"13,8%",,Oficina,Rechazada,Bogotá,31.502.951 COP,3.1502951E7,true,Cali,2019-06-25,TecnoSoluciones SAS,804.895.887-9,CDT,Empresarial,NIT,,
1001,500011,2023-03-16,Cta Corriente,3749236.0,COP,,0,Oficina,Aprobada,Barranquilla,3.749.236 COP,3749236.0,false,Cali,2023-10-22,María José Álvarez,183324205,"Credito, CDT, Cuenta Ahorros",Premium,CC,maria.jose.alvarez@hotmail.com,3255808277
1018,500256,2024-10-28,Cuenta Corriente,1.320826E7,COP,,0,Oficina,Aprobada,Barranquilla,$13.208.260,1.320826E7,true,Barranquilla,2019-06-16,Valentina Ruiz,889034069,"Cuenta Corriente, CDT, Cuenta Ahorros",Premium,CC,valentina.ruiz@outlook.com,573148717954
1013,500216,2024-11-24,Cta Corriente,-1.0659303E7,COP,N/A,,Cajero,Rechazada,Barranquilla,-10.659.303,-1.0659303E7,false,Pereira,2019-10-04,Camila Ortiz,107.445.646,"CDT, Cuenta Corriente, Credito",Premium,CC,,
1003,500077,2024-01-23,Crédito,11945.21,USD,11.2 %,365 dias,Web,Pendiente,,"11,945.21",4.778084E7,true,Barranquilla,2020-07-01,Ana Maria Rojas,533496827,"Cuenta Ahorros, Cuenta Corriente",Personal,CC,ana.maria.rojas@empresa.com.co,3290597940
1038,500100,2024-11-14,Crédito,1.148734299E8,COP,,180,Cajero,Rechazada,Barranquilla,"114.873.429,90",1.148734299E8,true,Cali,2019-08-24,diego torres,1054729284,"Credito, Cuenta Ahorros",Premium,NIT,diego.torres@empresa.com.co,573183697021
1014,500238,2024-07-21,Cuenta Ahorros,3017431.5,COP,,0,Cajero,Pendiente,Bogotá,"3.017.431,50",3017431.5,true,Cali,2019-01-11,SANTIAGO VARGAS,291311700,"Credito, CDT, Cuenta Ahorros",Personal,NIT,,
1015,500307,2024-11-04,Crédito,,,"11,2%",180,Oficina,Aprobada,,$76.353.564,,false,Bogotá,2019-07-23,Daniela Suarez,81551884,Cuenta Ahorros,Personal,CC,,
1038,500348,2025-04-16,Cuenta Corriente,2330016.0,COP,,-,Cajero,Pendiente,Bucaramanga,2.330.016,2330016.0,true,Cali,2019-08-24,diego torres,1054729284,"Credito, Cuenta Ahorros",Premium,NIT,diego.torres@empresa.com.co,573183697021
1048,500253,2024-11-10,Cuenta Ahorros,7633839.0,COP,,,App,Rechazada,Barranquilla,7.633.839 COP,7633839.0,false,Bogotá,2019-08-28,TecnoSoluciones SAS,835.108.164-6,"CDT, Cuenta Ahorros",Empresarial,NIT,tecnosoluciones.sas@gmail.com,573255204815
1008,500116,2024-09-27,Cuenta de Ahorros,1.2568254E7,COP,N/A,,Cajero,Pendiente,Cartagena,$12.568.254,1.2568254E7,true,Bogotá,2022-08-07,LUCIA FERNANDEZ,450758146,"Credito, Cuenta Ahorros",Premium,CC,,3269076238
1046,500221,2025-08-03,Cuenta de Ahorros,,,,-,Cajero,Aprobada,Medellín,$5.963.165,,true,Cartagena,2020-01-12,Agroexportadora Valle,895.639.767-7,"CDT, Credito, Cuenta Corriente",PYME,NIT,,3100851835
8888,500316,2024-01-12,Crédito,,,,365 dias,Oficina,Pendiente,Cali,112.295.526,,,,,,,"",,,,
1018,500160,2024-05-20,Certificado de Deposito,3.8396953E7,COP,"8,5%",,Web,Rechazada,Cali,38.396.953,3.8396953E7,true,Barranquilla,2019-06-16,Valentina Ruiz,889034069,"Cuenta Corriente, CDT, Cuenta Ahorros",Premium,CC,valentina.ruiz@outlook.com,573148717954
1016,500389,2024-02-28,Crédito,9.4688983E7,COP,12.7 %,365 dias,Oficina,Rechazada,,94.688.983,9.4688983E7,false,Bogotá,2021-07-22,Nicolas  Romero,907703101,"Credito, Cuenta Ahorros, CDT",Premium,CC,,
1039,500285,2024-07-06,Cuenta de Ahorros,8882344.0,COP,,-,App,Pendiente,Bogotá,8.882.344,8882344.0,false,Bogotá,2021-02-01,carlos gomez,,Cuenta Corriente,Personal,,,
1013,500386,2024-04-04,Ahorros,19220.76,USD,N/A,,Cajero,Aprobada,Medellín,"19,220.76",7.688304E7,false,Pereira,2019-10-04,Camila Ortiz,107.445.646,"CDT, Cuenta Corriente, Credito",Premium,CC,,
1021,500146,2024-08-24,Cuenta de Ahorros,10556.7,USD,N/A,,Oficina,Aprobada,Bogotá,"10,556.70",4.22268E7,true,Pereira,2023-03-19,Daniela Suarez,,"Cuenta Ahorros, Credito, Cuenta Corriente",Premium,,daniela.suarez@empresa.com.co,
1046,500421,2024-07-14,Cuenta Ahorros,5544806.0,COP,0,,Cajero,Aprobada,Bogotá,$5.544.806,5544806.0,true,Cartagena,2020-01-12,Agroexportadora Valle,895.639.767-7,"CDT, Credito, Cuenta Corriente",PYME,NIT,,3100851835
1033,500201,2024-04-21,CDT,,,"0,127",N/A,Web,Pendiente,Medellín,$2.345.464,,true,Bucaramanga,2021-08-06,Ana Maria Rojas,726.938.389,"Cuenta Corriente, Credito, Cuenta Ahorros",Premium,CC,,3107225042
1041,500041,2024-08-22,CDT,6.3512617E7,COP,,N/A,Web,Aprobada,Bogotá,63.512.617,6.3512617E7,true,Bogotá,2021-04-18,Textiles del Caribe S.A.,880.804.498-2,"Cuenta Corriente, CDT",Empresarial,NIT,textiles.del.caribe.s.a.@outlook.com,573293912594
1022,500120,2025-11-19,Cuenta de Ahorros,2995033.9,COP,0,,Cajero,Rechazada,Bogotá,"2.995.033,90",2995033.9,true,Medellín,2022-08-18,LUCIA FERNANDEZ,446.669.194,"Credito, Cuenta Corriente",,CC,lucia.fernandez@outlook.com,
1023,500232,2024-11-20,Cuenta de Ahorros,8167044.0,COP,0,,App,Pendiente,Cali,$8.167.044,8167044.0,false,Cúcuta,2023-11-11,Gabriela Nino,200.660.305,"CDT, Credito, Cuenta Corriente",Personal,NIT,gabriela.nino@outlook.com,6035151432
1018,500033,2024-10-23,Cta Corriente,1.287823325E7,COP,N/A,,Oficina,Pendiente,Barranquilla,"12.878.233,25",1.287823325E7,true,Barranquilla,2019-06-16,Valentina Ruiz,889034069,"Cuenta Corriente, CDT, Cuenta Ahorros",Premium,CC,valentina.ruiz@outlook.com,573148717954
1007,500199,2024-03-13,CDT,6.3909932E7,COP,10.96,,Cajero,Pendiente,Bucaramanga,63.909.932 COP,6.3909932E7,false,Manizales,2021-07-11,SANTIAGO VARGAS,521686778,"",Premium,NIT,santiago.vargas@hotmail.com,
1037,500195,2024-11-14,Cuenta de Ahorros,5358209.0,COP,0,0,Web,Aprobada,,$5.358.209,5358209.0,true,Cúcuta,2019-02-12,Gabriela Nino,907.258.312,"",Personal,CC,,573247898621
1028,500021,2023-05-13,Ahorros,8421578.0,COP,,0,Web,Pendiente,Bogotá,$8.421.578,8421578.0,true,Pereira,2019-03-27,Juan  Perez,631851520,Credito,Premium,NIT,juan.perez@outlook.com,3106763370
1015,500057,2024-10-14,Cuenta Corriente,6833362.0,COP,N/A,,App,Pendiente,Barranquilla,6.833.362 COP,6833362.0,false,Bogotá,2019-07-23,Daniela Suarez,81551884,Cuenta Ahorros,Personal,CC,,
1006,500206,2024-11-01,Cuenta de Ahorros,1102.08,USD,N/A,,Oficina,Pendiente,Cali,"1,102.08",4408320.0,false,Bogotá,2022-07-10,SANTIAGO VARGAS,147468722,"CDT, Cuenta Corriente, Cuenta Ahorros",Personal,CC,santiago.vargas@outlook.com,6077327764
1005,500131,2024-02-02,CDT,,,,,App,Pendiente,Cali,$77.236.212,,false,Barranquilla,2022-08-09,Jorge  Mendoza,151504661,"Credito, Cuenta Ahorros",Premium,NIT,,3187164926
1046,500335,2024-07-14,Cuenta Ahorros,5544806.0,COP,0,,Cajero,Aprobada,Bogotá,$5.544.806,5544806.0,true,Cartagena,2020-01-12,Agroexportadora Valle,895.639.767-7,"CDT, Credito, Cuenta Corriente",PYME,NIT,,3100851835
1035,500093,2024-09-10,Ahorros,7190594.0,COP,N/A,,App,Aprobada,Barranquilla,$7.190.594,7190594.0,true,Medellín,2021-12-28,Juan  Perez,103903237,Credito,Premium,CC,juan.perez@gmail.com,
1030,500152,2024-06-13,Cuenta Corriente,,,,-,Oficina,Rechazada,Bogotá,"3.689.661,25",,false,Bogotá,2022-12-11,Sofia Ramirez,530802345,Credito,Premium,NIT,sofia.ramirez@outlook.com,3238952955
1029,500290,2024-10-07,Cuenta Ahorros,9184314.0,COP,N/A,,Cajero,Pendiente,Bogotá,$9.184.314,9184314.0,true,Cali,2021-03-22,Camila Ortiz,992161337,Credito,Premium,NIT,camila.ortiz@gmail.com,3197030144
1026,500060,2024-10-25,Cuenta de Ahorros,,,0,0,Oficina,Pendiente,Bucaramanga,"7.784.912,25",,false,Cúcuta,2019-07-13,Gabriela Nino,309617176,CDT,Premium,CC,gabriela.nino@empresa.com.co,6022113244
1006,500260,2024-08-03,Certificado de Deposito,5.21052125E7,COP,"10,2%",,Web,Rechazada,Bucaramanga,"52.105.212,50",5.21052125E7,false,Bogotá,2022-07-10,SANTIAGO VARGAS,147468722,"CDT, Cuenta Corriente, Cuenta Ahorros",Personal,CC,santiago.vargas@outlook.com,6077327764
7777,500163,2024-12-21,Cuenta de Ahorros,1.1237443E7,COP,N/A,,Web,Aprobada,Bogotá,11.237.443,1.1237443E7,,,,,,"",,,,
1002,500274,2024-07-05,Ahorros,1.1727408E7,COP,N/A,,Web,Rechazada,Bucaramanga,$11.727.408,1.1727408E7,true,Bogotá,2021-02-02,Daniela Suarez,670.318.744,"Cuenta Ahorros, CDT",Personal,CC,,573286791978
1050,500177,2024-12-16,Cuenta de Ahorros,22712.19,USD,,0,Oficina,Aprobada,Cali,"22,712.19",9.084876E7,false,Bogotá,2023-06-08,Inversiones El Roble SAS,843.374.700-0,"",,NIT,inversiones.el.roble.sas@hotmail.com,6087257455
1040,500365,2024-11-23,Cuenta de Ahorros,1.0688355E7,COP,0,,Cajero,Aprobada,,10.688.355,1.0688355E7,true,Cali,2020-05-03,Camila Ortiz,,"Credito, Cuenta Corriente, CDT",,,,573118233229
7777,500123,2024-11-20,Ahorros,1973695.25,COP,N/A,,App,Rechazada,Barranquilla,"1.973.695,25",1973695.25,,,,,,"",,,,
1012,500252,2024-02-16,Cuenta de Ahorros,1.4103454E7,COP,,-,Web,Rechazada,,$14.103.454,1.4103454E7,true,Cúcuta,2022-09-05,Sofia Ramirez,835.079.380,"Cuenta Corriente, CDT",Premium,NIT,sofia.ramirez@empresa.com.co,573244932334
1009,500005,2024-09-04,Cuenta de Ahorros,8349971.0,COP,,,App,Rechazada,Barranquilla,8.349.971,8349971.0,false,Barranquilla,2021-08-18,Gabriela Nino,,"Cuenta Ahorros, CDT, Cuenta Corriente",Personal,,gabriela.nino@outlook.com,
1007,500174,2024-11-14,Cuenta de Ahorros,4018625.0,COP,,0,Web,Rechazada,Bucaramanga,$4.018.625,4018625.0,false,Manizales,2021-07-11,SANTIAGO VARGAS,521686778,"",Premium,NIT,santiago.vargas@hotmail.com,
1039,500280,2024-11-17,Cuenta de Ahorros,,USD,0,-,App,Pendiente,Cali,,,false,Bogotá,2021-02-01,carlos gomez,,Cuenta Corriente,Personal,,,
1045,500122,2024-08-10,Certificado de Deposito,1601135.0,COP,13.2 %,,Web,Aprobada,Bogotá,$1.601.135,1601135.0,false,Cali,2019-01-23,TecnoSoluciones SAS,895.649.166-7,"Credito, Cuenta Ahorros",Empresarial,NIT,tecnosoluciones.sas@hotmail.com,
1040,500187,2024-05-14,Crédito,,,9.81,180,App,Pendiente,Cali,$54.205.787,,true,Cali,2020-05-03,Camila Ortiz,,"Credito, Cuenta Corriente, CDT",,,,573118233229
1028,500387,2024-07-07,CDT,1.4252608E7,COP,,N/A,App,Rechazada,Cali,$14.252.608,1.4252608E7,true,Pereira,2019-03-27,Juan  Perez,631851520,Credito,Premium,NIT,juan.perez@outlook.com,3106763370
1028,500311,2024-12-11,CDT,,USD,8.98,N/A,App,Pendiente,Cali,,,true,Pereira,2019-03-27,Juan  Perez,631851520,Credito,Premium,NIT,juan.perez@outlook.com,3106763370
1020,500168,2024-10-18,Certificado de Deposito,,,"11,5%",90,App,Pendiente,Barranquilla,64.596.891,,false,Pereira,2021-12-14,Ana Maria Rojas,876.641.426,CDT,Premium,NIT,ana.maria.rojas@empresa.com.co,3107217439
1032,500032,2024-03-21,Ahorros,1.05891939E7,COP,0,,Web,Aprobada,Medellín,"10.589.193,90",1.05891939E7,true,Bogotá,2023-06-01,Sofia Ramirez,134869286,"",Personal,CC,,
1030,500354,2024-09-02,Cuenta de Ahorros,9885342.0,COP,N/A,0,Cajero,Pendiente,,9.885.342 COP,9885342.0,false,Bogotá,2022-12-11,Sofia Ramirez,530802345,Credito,Premium,NIT,sofia.ramirez@outlook.com,3238952955
1037,500038,2024-11-14,Cuenta de Ahorros,6784611.0,COP,0,,Cajero,Rechazada,Bogotá,$6.784.611,6784611.0,true,Cúcuta,2019-02-12,Gabriela Nino,907.258.312,"",Personal,CC,,573247898621
1049,500208,2024-01-17,Ahorros,1.1177444E7,COP,N/A,,Cajero,Pendiente,Bogotá,$11.177.444,1.1177444E7,true,Cali,2019-06-25,TecnoSoluciones SAS,804.895.887-9,CDT,Empresarial,NIT,,
1008,500065,2024-05-17,Certificado de Deposito,,,,,Cajero,Aprobada,Cartagena,,,true,Bogotá,2022-08-07,LUCIA FERNANDEZ,450758146,"Credito, Cuenta Ahorros",Premium,CC,,3269076238
1025,500374,2024-06-15,Cuenta de Ahorros,1.4987283E7,COP,,,App,Pendiente,,14.987.283,1.4987283E7,false,Bogotá,2022-04-02,Felipe  Cardenas,620.931.459,Cuenta Ahorros,Premium,NIT,,
1009,500245,2024-10-06,Cuenta de Ahorros,1.0608345E7,COP,N/A,,Web,Pendiente,Medellín,$10.608.345,1.0608345E7,false,Barranquilla,2021-08-18,Gabriela Nino,,"Cuenta Ahorros, CDT, Cuenta Corriente",Personal,,gabriela.nino@outlook.com,
1005,500049,2024-01-08,Cuenta de Ahorros,8855108.0,COP,,,Web,Pendiente,Cali,8.855.108 COP,8855108.0,false,Barranquilla,2022-08-09,Jorge  Mendoza,151504661,"Credito, Cuenta Ahorros",Premium,NIT,,3187164926
1028,500360,2024-08-01,Cta Corriente,5544445.0,COP,N/A,-,Cajero,Aprobada,,$5.544.445,5544445.0,true,Pereira,2019-03-27,Juan  Perez,631851520,Credito,Premium,NIT,juan.perez@outlook.com,3106763370
1033,500347,2024-12-18,Ahorros,5934639.0,COP,0,,Web,Pendiente,,5.934.639,5934639.0,true,Bucaramanga,2021-08-06,Ana Maria Rojas,726.938.389,"Cuenta Corriente, Credito, Cuenta Ahorros",Premium,CC,,3107225042
1002,500006,2024-02-10,Certificado de Deposito,,,,N/A,App,Pendiente,Cali,20.337.041,,true,Bogotá,2021-02-02,Daniela Suarez,670.318.744,"Cuenta Ahorros, CDT",Personal,CC,,573286791978
1015,500334,2024-07-03,CDT,,COP,10.38,365 dias,Oficina,Aprobada,,NULL,,false,Bogotá,2019-07-23,Daniela Suarez,81551884,Cuenta Ahorros,Personal,CC,,
1026,500103,2024-11-28,CDT,,,"9,1%",,App,Aprobada,Cali,40.484.475 COP,,false,Cúcuta,2019-07-13,Gabriela Nino,309617176,CDT,Premium,CC,gabriela.nino@empresa.com.co,6022113244
1029,500037,2024-12-04,Cuenta de Ahorros,2841745.25,COP,,0,Oficina,Rechazada,Bogotá,"2.841.745,25",2841745.25,true,Cali,2021-03-22,Camila Ortiz,992161337,Credito,Premium,NIT,camila.ortiz@gmail.com,3197030144
1044,500420,2024-08-13,Cuenta Corriente,3070406.0,COP,N/A,,Oficina,Aprobada,Bogotá,3.070.406,3070406.0,true,Cali,2019-11-26,Alimentos La Cosecha,806.768.972-4,"Cuenta Corriente, CDT, Credito",Empresarial,NIT,,
1044,500192,2024-11-25,Cuenta de Ahorros,966.918,,0,-,Cajero,Rechazada,Bogotá,$966.918,,true,Cali,2019-11-26,Alimentos La Cosecha,806.768.972-4,"Cuenta Corriente, CDT, Credito",Empresarial,NIT,,
1048,500099,2024-10-24,Cuenta de Ahorros,9472433.0,COP,N/A,,Web,Pendiente,Bogotá,$9.472.433,9472433.0,false,Bogotá,2019-08-28,TecnoSoluciones SAS,835.108.164-6,"CDT, Cuenta Ahorros",Empresarial,NIT,tecnosoluciones.sas@gmail.com,573255204815
1026,500345,2024-04-15,CDT,,,13.1 %,90,Web,Aprobada,Medellín,$44.092.232,,false,Cúcuta,2019-07-13,Gabriela Nino,309617176,CDT,Premium,CC,gabriela.nino@empresa.com.co,6022113244
1005,500356,2024-08-21,CDT,3.3668051E7,COP,8.15,,Cajero,Pendiente,,$33.668.051,3.3668051E7,false,Barranquilla,2022-08-09,Jorge  Mendoza,151504661,"Credito, Cuenta Ahorros",Premium,NIT,,3187164926
1037,500411,2024-09-11,Ahorros,,,,-,Web,Rechazada,Bucaramanga,3.607.478,,true,Cúcuta,2019-02-12,Gabriela Nino,907.258.312,"",Personal,CC,,573247898621
1034,500250,2024-11-20,Cuenta de Ahorros,,COP,0,,Cajero,Rechazada,Medellín,-,,true,Barranquilla,2023-05-10,María José Álvarez,446.377.174,Cuenta Corriente,,CC,maria.jose.alvarez@gmail.com,573185319380
1037,500385,2024-10-23,Cuenta de Ahorros,9713659.0,COP,,-,Cajero,Pendiente,Bogotá,9.713.659,9713659.0,true,Cúcuta,2019-02-12,Gabriela Nino,907.258.312,"",Personal,CC,,573247898621
1006,500025,2024-03-05,Credito,4.5724356E7,COP,"0,128",,Oficina,Rechazada,Barranquilla,45.724.356 COP,4.5724356E7,false,Bogotá,2022-07-10,SANTIAGO VARGAS,147468722,"CDT, Cuenta Corriente, Cuenta Ahorros",Personal,CC,santiago.vargas@outlook.com,6077327764
1040,500183,2024-11-02,Certificado de Deposito,5.7692951E7,COP,12.47,,App,Aprobada,Barranquilla,$57.692.951,5.7692951E7,true,Cali,2020-05-03,Camila Ortiz,,"Credito, Cuenta Corriente, CDT",,,,573118233229
1045,500015,2024-02-21,Ahorros,5649088.0,COP,,0,Cajero,Aprobada,Bogotá,$5.649.088,5649088.0,false,Cali,2019-01-23,TecnoSoluciones SAS,895.649.166-7,"Credito, Cuenta Ahorros",Empresarial,NIT,tecnosoluciones.sas@hotmail.com,
1011,500012,2024-08-12,Cuenta Corriente,5922349.0,COP,0,,App,Aprobada,Bogotá,"5.922.349,00",5922349.0,false,Cali,2022-11-27,SANTIAGO VARGAS,339147326,Cuenta Corriente,Premium,NIT,,6025607689
1005,500366,2024-11-24,Ahorros,1.0313882E7,COP,,0,App,Aprobada,Cali,"10.313.882,00",1.0313882E7,false,Barranquilla,2022-08-09,Jorge  Mendoza,151504661,"Credito, Cuenta Ahorros",Premium,NIT,,3187164926
1031,500336,2024-05-24,Cta Corriente,1.08051E7,COP,N/A,,Oficina,Aprobada,Bucaramanga,10.805.100,1.08051E7,false,Cali,2019-06-16,Laura   Gonzalez,678341010,CDT,Personal,CC,,573139507237
1028,500179,2024-06-15,Cuenta Ahorros,5746082.0,COP,N/A,,App,Aprobada,,$5.746.082,5746082.0,true,Pereira,2019-03-27,Juan  Perez,631851520,Credito,Premium,NIT,juan.perez@outlook.com,3106763370
1025,500018,2024-08-02,CDT,3.238458E7,COP,11.9 %,,App,Pendiente,,$32.384.580,3.238458E7,false,Bogotá,2022-04-02,Felipe  Cardenas,620.931.459,Cuenta Ahorros,Premium,NIT,,
1013,500023,2024-01-24,Cuenta Corriente,2610610.0,COP,0,,Oficina,Pendiente,Bogotá,2.610.610 COP,2610610.0,false,Pereira,2019-10-04,Camila Ortiz,107.445.646,"CDT, Cuenta Corriente, Credito",Premium,CC,,
1027,500003,2024-04-09,CDT,,,N/A,N/A,Oficina,Pendiente,Barranquilla,5.961.774,,true,Barranquilla,2019-12-24,Isabella Diaz,1044350751,"CDT, Cuenta Ahorros, Credito",Personal,CC,isabella.diaz@empresa.com.co,573136487687
1043,500333,2024-03-19,CDT,7.9054529E7,COP,13.7 %,365 dias,App,Rechazada,,$79.054.529,7.9054529E7,true,Medellín,2019-12-28,Logistica Express SA,864.182.544-0,"Cuenta Ahorros, Credito, Cuenta Corriente",Empresarial,NIT,logistica.express.sa@empresa.com.co,573128424100
1023,500046,2024-05-22,Ahorros,,,,-,Web,Aprobada,Cali,NULL,,false,Cúcuta,2023-11-11,Gabriela Nino,200.660.305,"CDT, Credito, Cuenta Corriente",Personal,NIT,gabriela.nino@outlook.com,6035151432
1026,500284,2024-11-04,Cuenta de Ahorros,2932806.0,COP,,0,App,Rechazada,Bogotá,2.932.806,2932806.0,false,Cúcuta,2019-07-13,Gabriela Nino,309617176,CDT,Premium,CC,gabriela.nino@empresa.com.co,6022113244
1027,500364,2024-07-07,Crédito,5.9059045E7,COP,,180,Oficina,Aprobada,Cali,59.059.045 COP,5.9059045E7,true,Barranquilla,2019-12-24,Isabella Diaz,1044350751,"CDT, Cuenta Ahorros, Credito",Personal,CC,isabella.diaz@empresa.com.co,573136487687
1049,500363,2023-10-26,Cuenta de Ahorros,657.692,,0,,App,Pendiente,Bucaramanga,$657.692,,true,Cali,2019-06-25,TecnoSoluciones SAS,804.895.887-9,CDT,Empresarial,NIT,,
1046,500176,2024-05-15,Cuenta de Ahorros,1712832.25,COP,,0,Cajero,Rechazada,Cali,"1.712.832,25",1712832.25,true,Cartagena,2020-01-12,Agroexportadora Valle,895.639.767-7,"CDT, Credito, Cuenta Corriente",PYME,NIT,,3100851835
1022,500089,2024-11-08,Cta Corriente,,,N/A,-,Cajero,Aprobada,Cali,"10.056.762,90",,true,Medellín,2022-08-18,LUCIA FERNANDEZ,446.669.194,"Credito, Cuenta Corriente",,CC,lucia.fernandez@outlook.com,
1035,500128,2024-08-16,CDT,6725768.9,COP,11.0 %,365 dias,Cajero,Pendiente,,"6.725.768,90",6725768.9,true,Medellín,2021-12-28,Juan  Perez,103903237,Credito,Premium,CC,juan.perez@gmail.com,
1044,500045,2024-05-19,CDT,,,"12,0%",N/A,Cajero,Rechazada,Bucaramanga,"79.062.312,00",,true,Cali,2019-11-26,Alimentos La Cosecha,806.768.972-4,"Cuenta Corriente, CDT, Credito",Empresarial,NIT,,
1007,500240,2024-02-16,CDT,23962.24,USD,"9,8%",,Web,Aprobada,Barranquilla,"23,962.24",9.584896E7,false,Manizales,2021-07-11,SANTIAGO VARGAS,521686778,"",Premium,NIT,santiago.vargas@hotmail.com,
1014,500078,2024-12-27,CDT,6.2623188E7,COP,13.6 %,,Oficina,Pendiente,,$62.623.188,6.2623188E7,true,Cali,2019-01-11,SANTIAGO VARGAS,291311700,"Credito, CDT, Cuenta Ahorros",Personal,NIT,,
1041,500222,2024-06-17,Cuenta Corriente,2695922.0,COP,,-,Oficina,Pendiente,Barranquilla,2.695.922,2695922.0,true,Bogotá,2021-04-18,Textiles del Caribe S.A.,880.804.498-2,"Cuenta Corriente, CDT",Empresarial,NIT,textiles.del.caribe.s.a.@outlook.com,573293912594
1036,500029,2024-09-20,Crédito,1.01135416E8,COP,8.53,N/A,Web,Aprobada,,$101.135.416,1.01135416E8,true,Cali,2022-12-12,Felipe  Cardenas,382543348,"CDT, Credito, Cuenta Ahorros",Premium,NIT,felipe.cardenas@hotmail.com,6062906603
7777,500355,2024-02-11,CDT,11043.66,USD,10.0 %,,App,Aprobada,Bucaramanga,"11,043.66",4.417464E7,,,,,,"",,,,
1002,500414,2024-09-06,Crédito,,COP,"13,5%",N/A,App,Rechazada,Barranquilla,,,true,Bogotá,2021-02-02,Daniela Suarez,670.318.744,"Cuenta Ahorros, CDT",Personal,CC,,573286791978
1042,500205,2024-07-20,Cuenta Ahorros,1.0818707E7,COP,,-,App,Rechazada,Cartagena,10.818.707 COP,1.0818707E7,false,Bucaramanga,2019-03-13,TecnoSoluciones SAS,839.022.478-5,"Cuenta Ahorros, Credito",PYME,NIT,tecnosoluciones.sas@outlook.com,6027136034
1046,500262,2024-09-17,Crédito,8.7546855E7,COP,,180,Cajero,Aprobada,Cali,$87.546.855,8.7546855E7,true,Cartagena,2020-01-12,Agroexportadora Valle,895.639.767-7,"CDT, Credito, Cuenta Corriente",PYME,NIT,,3100851835
1050,500273,2024-08-14,Credito,,COP,,365 dias,Cajero,Aprobada,Barranquilla,N/A,,false,Bogotá,2023-06-08,Inversiones El Roble SAS,843.374.700-0,"",,NIT,inversiones.el.roble.sas@hotmail.com,6087257455
1035,500267,2024-07-21,CDT,8102.34,USD,"9,3%",,App,Pendiente,,"8,102.34",3.240936E7,true,Medellín,2021-12-28,Juan  Perez,103903237,Credito,Premium,CC,juan.perez@gmail.com,
